TRADEDATE,close,ret,date_raw,key_rate,inflation,inflation_target
2019-01-04,2406.5,0.0130072402761407,1.2019,7.75,5.0,4.0
2019-01-08,2389.69,-0.0069852482858923,1.2019,7.75,5.0,4.0
2019-01-09,2414.13,0.0102272679719963,1.2019,7.75,5.0,4.0
2019-01-10,2434.15,0.0082928425561175,1.2019,7.75,5.0,4.0
2019-01-11,2444.45,0.0042314565659469,1.2019,7.75,5.0,4.0
2019-01-14,2440.15,-0.0017590869111659,1.2019,7.75,5.0,4.0
2019-01-15,2439.55,-0.0002458865233694,1.2019,7.75,5.0,4.0
2019-01-16,2434.6,-0.0020290627369803,1.2019,7.75,5.0,4.0
2019-01-17,2447.64,0.0053561159944137,1.2019,7.75,5.0,4.0
2019-01-18,2473.61,0.0106102204572569,1.2019,7.75,5.0,4.0
2019-01-21,2468.25,-0.0021668735168438,1.2019,7.75,5.0,4.0
2019-01-22,2468.73,0.0001944697660285,1.2019,7.75,5.0,4.0
2019-01-23,2491.49,0.0092193151944521,1.2019,7.75,5.0,4.0
2019-01-24,2482.71,-0.003523995681299,1.2019,7.75,5.0,4.0
2019-01-25,2498.23,0.0062512335311011,1.2019,7.75,5.0,4.0
2019-01-28,2476.81,-0.0085740704418728,1.2019,7.75,5.0,4.0
2019-01-29,2498.35,0.0086966703138311,1.2019,7.75,5.0,4.0
2019-01-30,2511.86,0.005407568995537,1.2019,7.75,5.0,4.0
2019-01-31,2521.1,0.0036785489637161,1.2019,7.75,5.0,4.0
2019-02-01,2521.7,0.0002379913529808,2.2019,7.75,5.2,4.0
2019-02-04,2523.52,0.0007217353372725,2.2019,7.75,5.2,4.0
2019-02-05,2547.27,0.009411457012427,2.2019,7.75,5.2,4.0
2019-02-06,2539.73,-0.0029600317202338,2.2019,7.75,5.2,4.0
2019-02-07,2509.89,-0.0117492804353219,2.2019,7.75,5.2,4.0
2019-02-08,2502.82,-0.002816856515624,2.2019,7.75,5.2,4.0
2019-02-11,2510.22,0.0029566648820129,2.2019,7.75,5.2,4.0
2019-02-12,2533.32,0.00920238066783,2.2019,7.75,5.2,4.0
2019-02-13,2485.76,-0.0187737830199106,2.2019,7.75,5.2,4.0
2019-02-14,2460.82,-0.0100331488156539,2.2019,7.75,5.2,4.0
2019-02-15,2490.16,0.0119228549832981,2.2019,7.75,5.2,4.0
2019-02-18,2472.41,-0.0071280560285282,2.2019,7.75,5.2,4.0
2019-02-19,2458.55,-0.0056058663409385,2.2019,7.75,5.2,4.0
2019-02-20,2487.82,0.0119053913892335,2.2019,7.75,5.2,4.0
2019-02-21,2470.23,-0.0070704472188503,2.2019,7.75,5.2,4.0
2019-02-22,2488.63,0.0074486991089899,2.2019,7.75,5.2,4.0
2019-02-25,2494.63,0.0024109650691344,2.2019,7.75,5.2,4.0
2019-02-26,2494.02,-0.000244525240216,2.2019,7.75,5.2,4.0
2019-02-27,2490.65,-0.0013512321472962,2.2019,7.75,5.2,4.0
2019-02-28,2485.27,-0.0021600786943167,2.2019,7.75,5.2,4.0
2019-03-01,2478.01,-0.0029212117798065,3.2019,7.75,5.3,4.0
2019-03-04,2473.79,-0.0017029794068628,3.2019,7.75,5.3,4.0
2019-03-05,2466.23,-0.0030560395183099,3.2019,7.75,5.3,4.0
2019-03-06,2494.04,0.011276320537825,3.2019,7.75,5.3,4.0
2019-03-07,2476.64,-0.0069766322913826,3.2019,7.75,5.3,4.0
2019-03-11,2465.94,-0.0043203695329154,3.2019,7.75,5.3,4.0
2019-03-12,2468.25,0.0009367624516412,3.2019,7.75,5.3,4.0
2019-03-13,2470.61,0.0009561430163071,3.2019,7.75,5.3,4.0
2019-03-14,2457.79,-0.0051890019064118,3.2019,7.75,5.3,4.0
2019-03-15,2476.73,0.0077061099605744,3.2019,7.75,5.3,4.0
2019-03-18,2483.7,0.0028141945226163,3.2019,7.75,5.3,4.0
2019-03-19,2493.28,0.0038571486089302,3.2019,7.75,5.3,4.0
2019-03-20,2504.23,0.004391805172303,3.2019,7.75,5.3,4.0
2019-03-21,2507.81,0.0014295811486964,3.2019,7.75,5.3,4.0
2019-03-22,2492.7,-0.0060251773459711,3.2019,7.75,5.3,4.0
2019-03-25,2497.59,0.0019617282464798,3.2019,7.75,5.3,4.0
2019-03-26,2512.63,0.0060218050200393,3.2019,7.75,5.3,4.0
2019-03-27,2487.48,-0.010009432347779,3.2019,7.75,5.3,4.0
2019-03-28,2492.4,0.0019779053499928,3.2019,7.75,5.3,4.0
2019-03-29,2497.1,0.0018857326271866,3.2019,7.75,5.3,4.0
2019-04-01,2521.25,0.0096712186135918,4.2019,7.75,5.2,4.0
2019-04-02,2527.77,0.0025860188398612,4.2019,7.75,5.2,4.0
2019-04-03,2532.32,0.0018000055384785,4.2019,7.75,5.2,4.0
2019-04-04,2535.5,0.0012557654640803,4.2019,7.75,5.2,4.0
2019-04-05,2540.99,0.0021652534016958,4.2019,7.75,5.2,4.0
2019-04-08,2560.07,0.0075088843324846,4.2019,7.75,5.2,4.0
2019-04-09,2570.28,0.0039881721984165,4.2019,7.75,5.2,4.0
2019-04-10,2578.58,0.0032292201627837,4.2019,7.75,5.2,4.0
2019-04-11,2551.45,-0.0105212946660565,4.2019,7.75,5.2,4.0
2019-04-12,2559.72,0.0032412941660624,4.2019,7.75,5.2,4.0
2019-04-15,2545.12,-0.0057037488475301,4.2019,7.75,5.2,4.0
2019-04-16,2559.84,0.0057836172754135,4.2019,7.75,5.2,4.0
2019-04-17,2568.26,0.0032892680792548,4.2019,7.75,5.2,4.0
2019-04-18,2560.8,-0.0029046903350906,4.2019,7.75,5.2,4.0
2019-04-19,2563.9,0.0012105592002498,4.2019,7.75,5.2,4.0
2019-04-22,2584.74,0.0081282421311281,4.2019,7.75,5.2,4.0
2019-04-23,2587.48,0.0010600679372008,4.2019,7.75,5.2,4.0
2019-04-24,2579.05,-0.003257996197072,4.2019,7.75,5.2,4.0
2019-04-25,2560.94,-0.0070219654523953,4.2019,7.75,5.2,4.0
2019-04-26,2563.72,0.0010855389036836,4.2019,7.75,5.2,4.0
2019-04-29,2569.83,0.0023832555817329,4.2019,7.75,5.2,4.0
2019-04-30,2559.32,-0.004089764692606,4.2019,7.75,5.2,4.0
2019-05-02,2575.22,0.0062125877186125,5.2019,7.75,5.1,4.0
2019-05-03,2580.95,0.0022250526168638,5.2019,7.75,5.1,4.0
2019-05-06,2579.75,-0.0004649450783625,5.2019,7.75,5.1,4.0
2019-05-07,2565.1,-0.0056788448493071,5.2019,7.75,5.1,4.0
2019-05-08,2544.43,-0.0080581653736696,5.2019,7.75,5.1,4.0
2019-05-10,2514.87,-0.0116175331999701,5.2019,7.75,5.1,4.0
2019-05-13,2508.87,-0.0023858092068377,5.2019,7.75,5.1,4.0
2019-05-14,2562.33,0.0213083978045893,5.2019,7.75,5.1,4.0
2019-05-15,2554.49,-0.0030597151811047,5.2019,7.75,5.1,4.0
2019-05-16,2581.11,0.0104208667874998,5.2019,7.75,5.1,4.0
2019-05-17,2577.48,-0.0014063716773016,5.2019,7.75,5.1,4.0
2019-05-20,2571.65,-0.0022618992193925,5.2019,7.75,5.1,4.0
2019-05-21,2616.53,0.0174518305368149,5.2019,7.75,5.1,4.0
2019-05-22,2638.71,0.0084768758623061,5.2019,7.75,5.1,4.0
2019-05-23,2618.61,-0.0076173584819855,5.2019,7.75,5.1,4.0
2019-05-24,2619.24,0.0002405856542209,5.2019,7.75,5.1,4.0
2019-05-27,2632.95,0.0052343427864571,5.2019,7.75,5.1,4.0
2019-05-28,2609.78,-0.0088000151920847,5.2019,7.75,5.1,4.0
2019-05-29,2641.15,0.0120201702825524,5.2019,7.75,5.1,4.0
2019-05-30,2659.52,0.0069553035609488,5.2019,7.75,5.1,4.0
2019-05-31,2665.33,0.002184604740705,5.2019,7.75,5.1,4.0
2019-06-03,2729.93,0.0242371488708714,6.2019,7.5,4.7,4.0
2019-06-04,2706.29,-0.0086595626994098,6.2019,7.5,4.7,4.0
2019-06-05,2701.84,-0.0016443174973856,6.2019,7.5,4.7,4.0
2019-06-06,2728.25,0.0097748201225831,6.2019,7.5,4.7,4.0
2019-06-07,2729.61,0.000498488041785,6.2019,7.5,4.7,4.0
2019-06-10,2742.59,0.0047552580771612,6.2019,7.5,4.7,4.0
2019-06-11,2751.75,0.0033399086265171,6.2019,7.5,4.7,4.0
2019-06-13,2758.36,0.0024021077496139,6.2019,7.5,4.7,4.0
2019-06-14,2739.28,-0.0069171536710218,6.2019,7.5,4.7,4.0
2019-06-17,2734.31,-0.0018143453754272,6.2019,7.5,4.7,4.0
2019-06-18,2761.69,0.0100134951779424,6.2019,7.5,4.7,4.0
2019-06-19,2759.12,-0.0009305896027432,6.2019,7.5,4.7,4.0
2019-06-20,2780.2,0.0076401171387978,6.2019,7.5,4.7,4.0
2019-06-21,2761.23,-0.0068232501258901,6.2019,7.5,4.7,4.0
2019-06-24,2762.65,0.0005142635709447,6.2019,7.5,4.7,4.0
2019-06-25,2753.96,-0.0031455305594266,6.2019,7.5,4.7,4.0
2019-06-26,2775.14,0.0076907435111619,6.2019,7.5,4.7,4.0
2019-06-27,2779.66,0.0016287466578261,6.2019,7.5,4.7,4.0
2019-06-28,2765.85,-0.0049682335249634,6.2019,7.5,4.7,4.0
2019-07-01,2801.47,0.0128785002802032,7.2019,7.25,4.6,4.0
2019-07-02,2809.81,0.0029770084991094,7.2019,7.25,4.6,4.0
2019-07-03,2823.95,0.005032368736676,7.2019,7.25,4.6,4.0
2019-07-04,2842.78,0.0066679650843677,7.2019,7.25,4.6,4.0
2019-07-05,2835.35,-0.002613638762057,7.2019,7.25,4.6,4.0
2019-07-08,2822.55,-0.0045144338441461,7.2019,7.25,4.6,4.0
2019-07-09,2822.66,3.897185169421391e-05,7.2019,7.25,4.6,4.0
2019-07-10,2822.75,3.1884817866867365e-05,7.2019,7.25,4.6,4.0
2019-07-11,2789.66,-0.0117226109290585,7.2019,7.25,4.6,4.0
2019-07-12,2777.58,-0.0043302768079264,7.2019,7.25,4.6,4.0
2019-07-15,2756.44,-0.0076109418990631,7.2019,7.25,4.6,4.0
2019-07-16,2755.88,-0.000203160598453,7.2019,7.25,4.6,4.0
2019-07-17,2713.17,-0.0154977720365182,7.2019,7.25,4.6,4.0
2019-07-18,2702.59,-0.003899497635607,7.2019,7.25,4.6,4.0
2019-07-19,2700.57,-0.0007474311678796,7.2019,7.25,4.6,4.0
2019-07-22,2684.25,-0.0060431686643931,7.2019,7.25,4.6,4.0
2019-07-23,2701.06,0.0062624569246529,7.2019,7.25,4.6,4.0
2019-07-24,2682.91,-0.0067195841632544,7.2019,7.25,4.6,4.0
2019-07-25,2701.02,0.0067501332508359,7.2019,7.25,4.6,4.0
2019-07-26,2715.68,0.0054275792108164,7.2019,7.25,4.6,4.0
2019-07-29,2728.27,0.0046360395922937,7.2019,7.25,4.6,4.0
2019-07-30,2734.68,0.0023494742089309,7.2019,7.25,4.6,4.0
2019-07-31,2739.5,0.0017625462576975,7.2019,7.25,4.6,4.0
2019-08-01,2729.42,-0.0036795035590435,8.2019,7.25,4.3,4.0
2019-08-02,2674.9,-0.0199749397307852,8.2019,7.25,4.3,4.0
2019-08-05,2649.16,-0.0096227896369958,8.2019,7.25,4.3,4.0
2019-08-06,2683.35,0.0129059777438886,8.2019,7.25,4.3,4.0
2019-08-07,2674.98,-0.0031192352842528,8.2019,7.25,4.3,4.0
2019-08-08,2696.69,0.0081159485304562,8.2019,7.25,4.3,4.0
2019-08-09,2679.71,-0.0062966080639599,8.2019,7.25,4.3,4.0
2019-08-12,2689.93,0.0038138455280607,8.2019,7.25,4.3,4.0
2019-08-13,2680.12,-0.0036469350503544,8.2019,7.25,4.3,4.0
2019-08-14,2637.04,-0.0160739071384863,8.2019,7.25,4.3,4.0
2019-08-15,2625.58,-0.0043457816339532,8.2019,7.25,4.3,4.0
2019-08-16,2615.2,-0.0039534121984475,8.2019,7.25,4.3,4.0
2019-08-19,2648.09,0.0125764759865403,8.2019,7.25,4.3,4.0
2019-08-20,2672.84,0.0093463590738984,8.2019,7.25,4.3,4.0
2019-08-21,2673.95,0.0004152886068748,8.2019,7.25,4.3,4.0
2019-08-22,2675.13,0.000441294713813,8.2019,7.25,4.3,4.0
2019-08-23,2660.74,-0.0053791778343483,8.2019,7.25,4.3,4.0
2019-08-26,2658.24,-0.0009395882348519,8.2019,7.25,4.3,4.0
2019-08-27,2659.35,0.0004175695196821,8.2019,7.25,4.3,4.0
2019-08-28,2677.31,0.0067535299979317,8.2019,7.25,4.3,4.0
2019-08-29,2714.25,0.0137974310035071,8.2019,7.25,4.3,4.0
2019-08-30,2740.04,0.0095017039697891,8.2019,7.25,4.3,4.0
2019-09-02,2773.01,0.0120326710558971,9.2019,7.0,4.0,4.0
2019-09-03,2774.2,0.0004291365700086,9.2019,7.0,4.0,4.0
2019-09-04,2793.36,0.0069064955662894,9.2019,7.0,4.0,4.0
2019-09-05,2807.06,0.0049044877853194,9.2019,7.0,4.0,4.0
2019-09-06,2797.55,-0.0033878862582202,9.2019,7.0,4.0,4.0
2019-09-09,2786.63,-0.0039034154885525,9.2019,7.0,4.0,4.0
2019-09-10,2787.52,0.0003193821928277,9.2019,7.0,4.0,4.0
2019-09-11,2817.05,0.0105936459648721,9.2019,7.0,4.0,4.0
2019-09-12,2799.99,-0.0060559805470262,9.2019,7.0,4.0,4.0
2019-09-13,2791.74,-0.0029464390944253,9.2019,7.0,4.0,4.0
2019-09-16,2834.32,0.0152521366602909,9.2019,7.0,4.0,4.0
2019-09-17,2820.86,-0.0047489344886957,9.2019,7.0,4.0,4.0
2019-09-18,2818.6,-0.0008011741100232,9.2019,7.0,4.0,4.0
2019-09-19,2794.77,-0.0084545519052011,9.2019,7.0,4.0,4.0
2019-09-20,2796.41,0.0005868103636434,9.2019,7.0,4.0,4.0
2019-09-23,2785.46,-0.0039157348171404,9.2019,7.0,4.0,4.0
2019-09-24,2754.53,-0.0111040905272378,9.2019,7.0,4.0,4.0
2019-09-25,2760.29,0.0020911008411597,9.2019,7.0,4.0,4.0
2019-09-26,2772.7,0.0044959044158403,9.2019,7.0,4.0,4.0
2019-09-27,2757.98,-0.0053089046777508,9.2019,7.0,4.0,4.0
2019-09-30,2747.18,-0.0039159094699744,9.2019,7.0,4.0,4.0
2019-10-01,2758.83,0.0042407122940615,10.2019,6.5,3.8,4.0
2019-10-02,2719.39,-0.0142959152974267,10.2019,6.5,3.8,4.0
2019-10-03,2707.47,-0.0043833359687283,10.2019,6.5,3.8,4.0
2019-10-04,2692.55,-0.0055106797120557,10.2019,6.5,3.8,4.0
2019-10-07,2719.22,0.0099051085402313,10.2019,6.5,3.8,4.0
2019-10-08,2707.89,-0.0041666360206235,10.2019,6.5,3.8,4.0
2019-10-09,2713.02,0.0018944639553306,10.2019,6.5,3.8,4.0
2019-10-10,2721.51,0.0031293540040251,10.2019,6.5,3.8,4.0
2019-10-11,2708.07,-0.004938434912971,10.2019,6.5,3.8,4.0
2019-10-14,2697.46,-0.0039179194038558,10.2019,6.5,3.8,4.0
2019-10-15,2715.26,0.0065988003529247,10.2019,6.5,3.8,4.0
2019-10-16,2744.35,0.0107135228302261,10.2019,6.5,3.8,4.0
2019-10-17,2748.64,0.001563211689471,10.2019,6.5,3.8,4.0
2019-10-18,2752.91,0.0015534955468885,10.2019,6.5,3.8,4.0
2019-10-21,2761.15,0.0029931962904707,10.2019,6.5,3.8,4.0
2019-10-22,2802.23,0.0148778588631548,10.2019,6.5,3.8,4.0
2019-10-23,2821.58,0.0069052147753752,10.2019,6.5,3.8,4.0
2019-10-24,2877.05,0.0196591980379787,10.2019,6.5,3.8,4.0
2019-10-25,2873.41,-0.0012651848247338,10.2019,6.5,3.8,4.0
2019-10-28,2856.91,-0.0057423061797654,10.2019,6.5,3.8,4.0
2019-10-29,2886.48,0.0103503435529996,10.2019,6.5,3.8,4.0
2019-10-30,2911.15,0.0085467420526039,10.2019,6.5,3.8,4.0
2019-10-31,2893.98,-0.0058980128128059,10.2019,6.5,3.8,4.0
2019-11-01,2930.4,0.012584744884208,11.2019,6.5,3.5,4.0
2019-11-05,2949.55,0.006534944034944,11.2019,6.5,3.5,4.0
2019-11-06,2980.84,0.0106083978912037,11.2019,6.5,3.5,4.0
2019-11-07,3008.54,0.0092926825995356,11.2019,6.5,3.5,4.0
2019-11-08,2973.19,-0.0117498853264373,11.2019,6.5,3.5,4.0
2019-11-11,2961.46,-0.0039452574507515,11.2019,6.5,3.5,4.0
2019-11-12,2951.16,-0.0034780142227145,11.2019,6.5,3.5,4.0
2019-11-13,2933.89,-0.0058519361878041,11.2019,6.5,3.5,4.0
2019-11-14,2922.45,-0.0038992600267904,11.2019,6.5,3.5,4.0
2019-11-15,2934.82,0.0042327499187326,11.2019,6.5,3.5,4.0
2019-11-18,2924.48,-0.0035232143708984,11.2019,6.5,3.5,4.0
2019-11-19,2941.69,0.005884806871649,11.2019,6.5,3.5,4.0
2019-11-20,2936.47,-0.0017744901740156,11.2019,6.5,3.5,4.0
2019-11-21,2942.6,0.0020875404822797,11.2019,6.5,3.5,4.0
2019-11-22,2947.68,0.0017263644396112,11.2019,6.5,3.5,4.0
2019-11-25,2955.32,0.0025918688595778,11.2019,6.5,3.5,4.0
2019-11-26,2930.62,-0.0083578089682336,11.2019,6.5,3.5,4.0
2019-11-27,2929.05,-0.0005357228163322,11.2019,6.5,3.5,4.0
2019-11-28,2927.57,-0.0005052832829757,11.2019,6.5,3.5,4.0
2019-11-29,2935.37,0.0026643257035696,11.2019,6.5,3.5,4.0
2019-12-02,2921.18,-0.0048341435662284,12.2019,6.25,3.0,4.0
2019-12-03,2883.48,-0.0129057435693794,12.2019,6.25,3.0,4.0
2019-12-04,2900.66,0.0059580784330044,12.2019,6.25,3.0,4.0
2019-12-05,2899.29,-0.0004723063027034,12.2019,6.25,3.0,4.0
2019-12-06,2928.76,0.0101645575296021,12.2019,6.25,3.0,4.0
2019-12-09,2945.03,0.0055552520520629,12.2019,6.25,3.0,4.0
2019-12-10,2932.4,-0.0042885811010414,12.2019,6.25,3.0,4.0
2019-12-11,2954.4,0.0075023871231756,12.2019,6.25,3.0,4.0
2019-12-12,2982.86,0.0096330896290279,12.2019,6.25,3.0,4.0
2019-12-13,2996.63,0.0046163748885297,12.2019,6.25,3.0,4.0
2019-12-16,3006.16,0.0031802391352953,12.2019,6.25,3.0,4.0
2019-12-17,3013.29,0.0023717965776939,12.2019,6.25,3.0,4.0
2019-12-18,3023.92,0.0035277055975362,12.2019,6.25,3.0,4.0
2019-12-19,3008.39,-0.0051357178761343,12.2019,6.25,3.0,4.0
2019-12-20,3015.93,0.0025063239806009,12.2019,6.25,3.0,4.0
2019-12-23,3033.81,0.0059285195611304,12.2019,6.25,3.0,4.0
2019-12-24,3030.59,-0.0010613716745609,12.2019,6.25,3.0,4.0
2019-12-25,3030.84,8.249218798983549e-05,12.2019,6.25,3.0,4.0
2019-12-26,3031.67,0.0002738514735187,12.2019,6.25,3.0,4.0
2019-12-27,3050.47,0.0062012026374902,12.2019,6.25,3.0,4.0
2019-12-30,3045.87,-0.0015079643464777,12.2019,6.25,3.0,4.0
2020-01-03,3076.37,0.0100135593442924,1.202,6.25,2.4,4.0
2020-01-06,3078.87,0.0008126460731316,1.202,6.25,2.4,4.0
2020-01-08,3110.06,0.0101303400273478,1.202,6.25,2.4,4.0
2020-01-09,3118.08,0.0025787283846614,1.202,6.25,2.4,4.0
2020-01-10,3123.66,0.0017895628078816,1.202,6.25,2.4,4.0
2020-01-13,3151.69,0.0089734478144229,1.202,6.25,2.4,4.0
2020-01-14,3129.77,-0.0069549987467041,1.202,6.25,2.4,4.0
2020-01-15,3132.63,0.0009138051677919,1.202,6.25,2.4,4.0
2020-01-16,3157.23,0.0078528265387229,1.202,6.25,2.4,4.0
2020-01-17,3196.88,0.0125584768927193,1.202,6.25,2.4,4.0
2020-01-20,3219.92,0.0072070268511799,1.202,6.25,2.4,4.0
2020-01-21,3209.22,-0.0033230639270541,1.202,6.25,2.4,4.0
2020-01-22,3174.62,-0.0107814359875607,1.202,6.25,2.4,4.0
2020-01-23,3141.2,-0.0105272442056056,1.202,6.25,2.4,4.0
2020-01-24,3146.2,0.0015917483764167,1.202,6.25,2.4,4.0
2020-01-27,3085.16,-0.0194011823787425,1.202,6.25,2.4,4.0
2020-01-28,3113.1,0.009056256401613,1.202,6.25,2.4,4.0
2020-01-29,3128.8,0.005043204522823,1.202,6.25,2.4,4.0
2020-01-30,3108.58,-0.0064625415494758,1.202,6.25,2.4,4.0
2020-01-31,3076.65,-0.0102715709423595,1.202,6.25,2.4,4.0
2020-02-03,3070.84,-0.0018884175970617,2.202,6.0,2.3,4.0
2020-02-04,3097.6,0.0087142280288128,2.202,6.0,2.3,4.0
2020-02-05,3114.25,0.0053751291322314,2.202,6.0,2.3,4.0
2020-02-06,3096.68,-0.005641807818897,2.202,6.0,2.3,4.0
2020-02-07,3087.63,-0.0029224847255769,2.202,6.0,2.3,4.0
2020-02-10,3062.41,-0.0081680771335944,2.202,6.0,2.3,4.0
2020-02-11,3097.58,0.01148441913395,2.202,6.0,2.3,4.0
2020-02-12,3122.27,0.0079707384474332,2.202,6.0,2.3,4.0
2020-02-13,3110.05,-0.0039138191123765,2.202,6.0,2.3,4.0
2020-02-14,3096.88,-0.0042346586067748,2.202,6.0,2.3,4.0
2020-02-17,3110.06,0.0042558962568779,2.202,6.0,2.3,4.0
2020-02-18,3074.05,-0.0115785547545705,2.202,6.0,2.3,4.0
2020-02-19,3114.57,0.0131813080463882,2.202,6.0,2.3,4.0
2020-02-20,3125.1,0.0033808840385669,2.202,6.0,2.3,4.0
2020-02-21,3106.03,-0.0061022047294485,2.202,6.0,2.3,4.0
2020-02-25,3002.68,-0.0332739864070856,2.202,6.0,2.3,4.0
2020-02-26,3017.42,0.0049089480064477,2.202,6.0,2.3,4.0
2020-02-27,2915.84,-0.0336645213460505,2.202,6.0,2.3,4.0
2020-02-28,2785.08,-0.0448447102721686,2.202,6.0,2.3,4.0
2020-03-02,2765.77,-0.006933373547618,3.202,6.0,2.5,4.0
2020-03-03,2821.37,0.0201029008196631,3.202,6.0,2.5,4.0
2020-03-04,2828.01,0.0023534665782936,3.202,6.0,2.5,4.0
2020-03-05,2816.7,-0.0039992786447008,3.202,6.0,2.5,4.0
2020-03-06,2719.51,-0.0345049171015726,3.202,6.0,2.5,4.0
2020-03-10,2498.94,-0.0811065228662516,3.202,6.0,2.5,4.0
2020-03-11,2492.88,-0.0024250282119618,3.202,6.0,2.5,4.0
2020-03-12,2286.4,-0.082827893841661,3.202,6.0,2.5,4.0
2020-03-13,2316.38,0.0131123163051085,3.202,6.0,2.5,4.0
2020-03-16,2266.9,-0.0213609166026299,3.202,6.0,2.5,4.0
2020-03-17,2224.74,-0.0185980854911995,3.202,6.0,2.5,4.0
2020-03-18,2112.64,-0.0503879104974064,3.202,6.0,2.5,4.0
2020-03-19,2275.7,0.07718305059073,3.202,6.0,2.5,4.0
2020-03-20,2331.61,0.0245682647097598,3.202,6.0,2.5,4.0
2020-03-23,2253.35,-0.0335647899948963,3.202,6.0,2.5,4.0
2020-03-24,2415.97,0.0721681052654934,3.202,6.0,2.5,4.0
2020-03-25,2452.69,0.0151988642243074,3.202,6.0,2.5,4.0
2020-03-26,2489.97,0.0151996379485379,3.202,6.0,2.5,4.0
2020-03-27,2401.11,-0.035687176953939,3.202,6.0,2.5,4.0
2020-03-30,2433.35,0.0134271232888121,3.202,6.0,2.5,4.0
2020-03-31,2508.81,0.0310107465017364,3.202,6.0,2.5,4.0
2020-04-01,2473.61,-0.0140305563195298,4.202,5.5,3.1,4.0
2020-04-02,2545.95,0.0292447071284478,4.202,5.5,3.1,4.0
2020-04-03,2572.23,0.0103222765568844,4.202,5.5,3.1,4.0
2020-04-06,2622.59,0.01957834252769,4.202,5.5,3.1,4.0
2020-04-07,2634.74,0.0046328248029618,4.202,5.5,3.1,4.0
2020-04-08,2670.12,0.0134282699621215,4.202,5.5,3.1,4.0
2020-04-09,2701.77,0.0118533998471979,4.202,5.5,3.1,4.0
2020-04-10,2677.86,-0.0088497540501226,4.202,5.5,3.1,4.0
2020-04-13,2628.85,-0.0183019276586529,4.202,5.5,3.1,4.0
2020-04-14,2631.83,0.0011335755178119,4.202,5.5,3.1,4.0
2020-04-15,2498.94,-0.0504933829312682,4.202,5.5,3.1,4.0
2020-04-16,2515.05,0.006446733414968,4.202,5.5,3.1,4.0
2020-04-17,2534.97,0.007920319675553,4.202,5.5,3.1,4.0
2020-04-20,2525.97,-0.0035503378738209,4.202,5.5,3.1,4.0
2020-04-21,2488.02,-0.0150239314006104,4.202,5.5,3.1,4.0
2020-04-22,2573.41,0.0343204636618676,4.202,5.5,3.1,4.0
2020-04-23,2599.41,0.0101033259371805,4.202,5.5,3.1,4.0
2020-04-24,2562.03,-0.0143801862730387,4.202,5.5,3.1,4.0
2020-04-27,2570.91,0.0034660015690681,4.202,5.5,3.1,4.0
2020-04-28,2612.24,0.016076019775099,4.202,5.5,3.1,4.0
2020-04-29,2663.14,0.0194851927847365,4.202,5.5,3.1,4.0
2020-04-30,2650.56,-0.0047237471556133,4.202,5.5,3.1,4.0
2020-05-04,2624.64,-0.0097790655559579,5.202,5.5,3.0,4.0
2020-05-05,2653.51,0.0109996037551818,5.202,5.5,3.0,4.0
2020-05-06,2632.1,-0.0080685582492624,5.202,5.5,3.0,4.0
2020-05-07,2634.0,0.0007218570722997,5.202,5.5,3.0,4.0
2020-05-08,2641.55,0.0028663629460896,5.202,5.5,3.0,4.0
2020-05-12,2642.04,0.0001854971512935,5.202,5.5,3.0,4.0
2020-05-13,2604.98,-0.0140270397117379,5.202,5.5,3.0,4.0
2020-05-14,2590.31,-0.0056315211633103,5.202,5.5,3.0,4.0
2020-05-15,2593.91,0.0013897950438364,5.202,5.5,3.0,4.0
2020-05-18,2694.25,0.0386829149816301,5.202,5.5,3.0,4.0
2020-05-19,2711.72,0.0064841792706689,5.202,5.5,3.0,4.0
2020-05-20,2770.79,0.0217832224565959,5.202,5.5,3.0,4.0
2020-05-21,2718.67,-0.0188105197434665,5.202,5.5,3.0,4.0
2020-05-22,2709.38,-0.0034171120437567,5.202,5.5,3.0,4.0
2020-05-25,2757.93,0.0179192287534415,5.202,5.5,3.0,4.0
2020-05-26,2754.04,-0.0014104781484663,5.202,5.5,3.0,4.0
2020-05-27,2741.02,-0.0047276001800991,5.202,5.5,3.0,4.0
2020-05-28,2779.98,0.0142136868756885,5.202,5.5,3.0,4.0
2020-05-29,2734.83,-0.0162411240368636,5.202,5.5,3.0,4.0
2020-06-01,2750.24,0.0056347195255279,6.202,4.5,3.2,4.0
2020-06-02,2796.51,0.0168239862702892,6.202,4.5,3.2,4.0
2020-06-03,2831.08,0.012361836717909,6.202,4.5,3.2,4.0
2020-06-04,2766.26,-0.0228958559984174,6.202,4.5,3.2,4.0
2020-06-05,2792.74,0.0095724913782506,6.202,4.5,3.2,4.0
2020-06-08,2796.3,0.0012747337739997,6.202,4.5,3.2,4.0
2020-06-09,2795.9,-0.0001430461681507,6.202,4.5,3.2,4.0
2020-06-10,2785.18,-0.0038341857720234,6.202,4.5,3.2,4.0
2020-06-11,2743.8,-0.0148572085107604,6.202,4.5,3.2,4.0
2020-06-15,2719.06,-0.0090166921787303,6.202,4.5,3.2,4.0
2020-06-16,2748.3,0.010753716357859,6.202,4.5,3.2,4.0
2020-06-17,2740.1,-0.0029836626278063,6.202,4.5,3.2,4.0
2020-06-18,2724.33,-0.0057552644064085,6.202,4.5,3.2,4.0
2020-06-19,2758.67,0.0126049340571809,6.202,4.5,3.2,4.0
2020-06-22,2763.29,0.0016747200643787,6.202,4.5,3.2,4.0
2020-06-23,2791.97,0.0103789323596148,6.202,4.5,3.2,4.0
2020-06-25,2760.75,-0.0111820685752352,6.202,4.5,3.2,4.0
2020-06-26,2761.74,0.0003585982070088,6.202,4.5,3.2,4.0
2020-06-29,2767.95,0.0022485824154336,6.202,4.5,3.2,4.0
2020-06-30,2743.2,-0.0089416355064216,6.202,4.5,3.2,4.0
2020-07-02,2788.79,0.016619276757072,7.202,4.25,3.4,4.0
2020-07-03,2801.66,0.0046149046719186,7.202,4.25,3.4,4.0
2020-07-06,2835.18,0.0119643354297094,7.202,4.25,3.4,4.0
2020-07-07,2825.21,-0.0035165315782418,7.202,4.25,3.4,4.0
2020-07-08,2815.83,-0.0033201071778735,7.202,4.25,3.4,4.0
2020-07-09,2782.43,-0.0118615115259088,7.202,4.25,3.4,4.0
2020-07-10,2800.94,0.0066524584625669,7.202,4.25,3.4,4.0
2020-07-13,2766.79,-0.0121923354302484,7.202,4.25,3.4,4.0
2020-07-14,2744.54,-0.0080418101843652,7.202,4.25,3.4,4.0
2020-07-15,2747.91,0.0012278924701407,7.202,4.25,3.4,4.0
2020-07-16,2760.01,0.004403346543373,7.202,4.25,3.4,4.0
2020-07-17,2774.79,0.0053550530614019,7.202,4.25,3.4,4.0
2020-07-20,2802.24,0.0098926405241477,7.202,4.25,3.4,4.0
2020-07-21,2825.71,0.0083754425031403,7.202,4.25,3.4,4.0
2020-07-22,2834.65,0.0031638066185135,7.202,4.25,3.4,4.0
2020-07-23,2851.79,0.006046601873247,7.202,4.25,3.4,4.0
2020-07-24,2863.12,0.0039729433092898,7.202,4.25,3.4,4.0
2020-07-27,2884.88,0.0076001005895667,7.202,4.25,3.4,4.0
2020-07-28,2895.45,0.0036639305621029,7.202,4.25,3.4,4.0
2020-07-29,2918.42,0.0079331364727417,7.202,4.25,3.4,4.0
2020-07-30,2882.63,-0.0122634850364238,7.202,4.25,3.4,4.0
2020-07-31,2911.57,0.0100394431474035,7.202,4.25,3.4,4.0
2020-08-03,2929.97,0.0063196145035151,8.202,4.25,3.6,4.0
2020-08-04,2940.46,0.0035802414359191,8.202,4.25,3.6,4.0
2020-08-05,2992.78,0.0177931344075417,8.202,4.25,3.6,4.0
2020-08-06,2988.5,-0.0014301084610296,8.202,4.25,3.6,4.0
2020-08-07,2972.35,-0.00540404885394,8.202,4.25,3.6,4.0
2020-08-10,2960.78,-0.0038925429374063,8.202,4.25,3.6,4.0
2020-08-11,3005.63,0.0151480353150184,8.202,4.25,3.6,4.0
2020-08-12,3053.99,0.0160898047996591,8.202,4.25,3.6,4.0
2020-08-13,3080.44,0.0086608011159172,8.202,4.25,3.6,4.0
2020-08-14,3061.99,-0.005989404111101,8.202,4.25,3.6,4.0
2020-08-17,3052.46,-0.0031123550370836,8.202,4.25,3.6,4.0
2020-08-18,3050.7,-0.0005765841321426,8.202,4.25,3.6,4.0
2020-08-19,3056.54,0.0019143147474349,8.202,4.25,3.6,4.0
2020-08-20,2993.69,-0.0205624660563905,8.202,4.25,3.6,4.0
2020-08-21,2995.61,0.0006413489706682,8.202,4.25,3.6,4.0
2020-08-24,3029.42,0.0112865159349848,8.202,4.25,3.6,4.0
2020-08-25,3029.05,-0.0001221355903109,8.202,4.25,3.6,4.0
2020-08-26,3051.97,0.0075667288423761,8.202,4.25,3.6,4.0
2020-08-27,3012.01,-0.0130931824362623,8.202,4.25,3.6,4.0
2020-08-28,2980.17,-0.0105710140404581,8.202,4.25,3.6,4.0
2020-08-31,2966.2,-0.0046876520466954,8.202,4.25,3.6,4.0
2020-09-01,2975.0,0.0029667588159936,9.202,4.25,3.7,4.0
2020-09-02,2956.5,-0.006218487394958,9.202,4.25,3.7,4.0
2020-09-03,2931.92,-0.0083138846609166,9.202,4.25,3.7,4.0
2020-09-04,2921.55,-0.0035369314305983,9.202,4.25,3.7,4.0
2020-09-07,2932.29,0.0036761308209682,9.202,4.25,3.7,4.0
2020-09-08,2888.79,-0.0148348219309822,9.202,4.25,3.7,4.0
2020-09-09,2876.07,-0.0044032276489464,9.202,4.25,3.7,4.0
2020-09-10,2897.55,0.0074685247577424,9.202,4.25,3.7,4.0
2020-09-11,2910.51,0.0044727442149401,9.202,4.25,3.7,4.0
2020-09-14,2928.38,0.0061398174203146,9.202,4.25,3.7,4.0
2020-09-15,2980.58,0.0178255554265498,9.202,4.25,3.7,4.0
2020-09-16,2975.01,-0.0018687637976499,9.202,4.25,3.7,4.0
2020-09-17,2971.74,-0.0010991559692238,9.202,4.25,3.7,4.0
2020-09-18,2951.79,-0.0067132387086352,9.202,4.25,3.7,4.0
2020-09-21,2863.67,-0.0298530722036458,9.202,4.25,3.7,4.0
2020-09-22,2884.66,0.0073297551743041,9.202,4.25,3.7,4.0
2020-09-23,2916.39,0.0109995632067556,9.202,4.25,3.7,4.0
2020-09-24,2912.76,-0.0012446894962606,9.202,4.25,3.7,4.0
2020-09-25,2896.83,-0.0054690396737115,9.202,4.25,3.7,4.0
2020-09-28,2927.17,0.0104735176037256,9.202,4.25,3.7,4.0
2020-09-29,2910.12,-0.0058247385700181,9.202,4.25,3.7,4.0
2020-09-30,2905.81,-0.0014810385826014,9.202,4.25,3.7,4.0
2020-10-01,2889.8,-0.0055096513536672,10.202,4.25,4.0,4.0
2020-10-02,2852.42,-0.0129351512215378,10.202,4.25,4.0,4.0
2020-10-05,2881.98,0.0103631302543103,10.202,4.25,4.0,4.0
2020-10-06,2892.99,0.0038202902171422,10.202,4.25,4.0,4.0
2020-10-07,2842.58,-0.0174248787586545,10.202,4.25,4.0,4.0
2020-10-08,2846.39,0.0013403316705247,10.202,4.25,4.0,4.0
2020-10-09,2834.09,-0.0043212630735772,10.202,4.25,4.0,4.0
2020-10-12,2846.14,0.0042518056942439,10.202,4.25,4.0,4.0
2020-10-13,2829.23,-0.0059413802553633,10.202,4.25,4.0,4.0
2020-10-14,2856.08,0.009490214652043,10.202,4.25,4.0,4.0
2020-10-15,2817.29,-0.0135815523374694,10.202,4.25,4.0,4.0
2020-10-16,2799.54,-0.0063003808624599,10.202,4.25,4.0,4.0
2020-10-19,2794.27,-0.0018824521171335,10.202,4.25,4.0,4.0
2020-10-20,2803.06,0.0031457232121447,10.202,4.25,4.0,4.0
2020-10-21,2786.23,-0.0060041526046534,10.202,4.25,4.0,4.0
2020-10-22,2803.17,0.0060799000800364,10.202,4.25,4.0,4.0
2020-10-23,2816.7,0.0048266783677051,10.202,4.25,4.0,4.0
2020-10-26,2785.59,-0.0110448397060388,10.202,4.25,4.0,4.0
2020-10-27,2763.03,-0.0080988228705588,10.202,4.25,4.0,4.0
2020-10-28,2693.46,-0.0251788797081465,10.202,4.25,4.0,4.0
2020-10-29,2709.04,0.0057843814276061,10.202,4.25,4.0,4.0
2020-10-30,2690.59,-0.0068105306676903,10.202,4.25,4.0,4.0
2020-11-02,2737.54,0.0174497043399401,11.202,4.25,4.4,4.0
2020-11-03,2786.42,0.0178554468610505,11.202,4.25,4.4,4.0
2020-11-05,2861.39,0.0269054916344269,11.202,4.25,4.4,4.0
2020-11-06,2895.62,0.0119627174205543,11.202,4.25,4.4,4.0
2020-11-09,2987.75,0.0318170201891132,11.202,4.25,4.4,4.0
2020-11-10,2998.61,0.0036348422726131,11.202,4.25,4.4,4.0
2020-11-11,3015.03,0.0054758704866588,11.202,4.25,4.4,4.0
2020-11-12,3025.83,0.0035820539099111,11.202,4.25,4.4,4.0
2020-11-13,3025.22,-0.0002015975781851,11.202,4.25,4.4,4.0
2020-11-16,3079.74,0.0180218298173355,11.202,4.25,4.4,4.0
2020-11-17,3052.22,-0.0089358192574697,11.202,4.25,4.4,4.0
2020-11-18,3080.68,0.0093243606293125,11.202,4.25,4.4,4.0
2020-11-19,3046.49,-0.0110981990989003,11.202,4.25,4.4,4.0
2020-11-20,3051.04,0.0014935220532481,11.202,4.25,4.4,4.0
2020-11-23,3047.06,-0.0013044732288006,11.202,4.25,4.4,4.0
2020-11-24,3095.84,0.0160088741278479,11.202,4.25,4.4,4.0
2020-11-25,3134.52,0.0124941857460332,11.202,4.25,4.4,4.0
2020-11-26,3138.62,0.0013080152623048,11.202,4.25,4.4,4.0
2020-11-27,3142.68,0.0012935621387744,11.202,4.25,4.4,4.0
2020-11-30,3107.58,-0.0111688113330024,11.202,4.25,4.4,4.0
2020-12-01,3147.79,0.0129393289955528,12.202,4.25,4.9,4.0
2020-12-02,3189.61,0.0132855114222996,12.202,4.25,4.9,4.0
2020-12-03,3162.67,-0.0084461736701352,12.202,4.25,4.9,4.0
2020-12-04,3184.72,0.0069719572386621,12.202,4.25,4.9,4.0
2020-12-07,3195.08,0.0032530332336908,12.202,4.25,4.9,4.0
2020-12-08,3179.61,-0.0048418192971693,12.202,4.25,4.9,4.0
2020-12-09,3211.66,0.0100798525605341,12.202,4.25,4.9,4.0
2020-12-10,3258.31,0.0145251988068475,12.202,4.25,4.9,4.0
2020-12-11,3276.58,0.0056072012791907,12.202,4.25,4.9,4.0
2020-12-14,3254.83,-0.0066380189099609,12.202,4.25,4.9,4.0
2020-12-15,3248.11,-0.0020646239588549,12.202,4.25,4.9,4.0
2020-12-16,3269.95,0.0067239102124003,12.202,4.25,4.9,4.0
2020-12-17,3282.67,0.0038899677365098,12.202,4.25,4.9,4.0
2020-12-18,3273.75,-0.0027173002464457,12.202,4.25,4.9,4.0
2020-12-21,3186.38,-0.0266880488736158,12.202,4.25,4.9,4.0
2020-12-22,3236.46,0.0157168950344905,12.202,4.25,4.9,4.0
2020-12-23,3252.1,0.0048324403823931,12.202,4.25,4.9,4.0
2020-12-24,3236.88,-0.0046800528889024,12.202,4.25,4.9,4.0
2020-12-25,3246.35,0.0029256568053186,12.202,4.25,4.9,4.0
2020-12-28,3258.95,0.0038812820552311,12.202,4.25,4.9,4.0
2020-12-29,3274.67,0.004823639515795,12.202,4.25,4.9,4.0
2020-12-30,3289.02,0.004382120946538,12.202,4.25,4.9,4.0
2021-01-04,3350.51,0.0186955384886684,1.2021,4.25,5.2,4.0
2021-01-05,3359.15,0.0025787118975917,1.2021,4.25,5.2,4.0
2021-01-06,3371.03,0.0035366089635771,1.2021,4.25,5.2,4.0
2021-01-08,3454.82,0.0248559045751595,1.2021,4.25,5.2,4.0
2021-01-11,3482.48,0.0080062058225898,1.2021,4.25,5.2,4.0
2021-01-12,3471.65,-0.0031098527486158,1.2021,4.25,5.2,4.0
2021-01-13,3470.26,-0.00040038598361,1.2021,4.25,5.2,4.0
2021-01-14,3490.85,0.005933273011244,1.2021,4.25,5.2,4.0
2021-01-15,3450.95,-0.0114298809745477,1.2021,4.25,5.2,4.0
2021-01-18,3471.92,0.0060765876063113,1.2021,4.25,5.2,4.0
2021-01-19,3443.23,-0.0082634392497523,1.2021,4.25,5.2,4.0
2021-01-20,3466.8,0.0068453167520032,1.2021,4.25,5.2,4.0
2021-01-21,3422.67,-0.0127293181031499,1.2021,4.25,5.2,4.0
2021-01-22,3382.92,-0.0116137401502336,1.2021,4.25,5.2,4.0
2021-01-25,3397.48,0.0043039740815626,1.2021,4.25,5.2,4.0
2021-01-26,3390.76,-0.0019779365882948,1.2021,4.25,5.2,4.0
2021-01-27,3343.62,-0.0139024879378075,1.2021,4.25,5.2,4.0
2021-01-28,3342.01,-0.0004815140476488,1.2021,4.25,5.2,4.0
2021-01-29,3277.08,-0.0194284278024303,1.2021,4.25,5.2,4.0
2021-02-01,3291.14,0.0042904048726304,2.2021,4.25,5.7,4.0
2021-02-02,3360.25,0.02099880284643,2.2021,4.25,5.7,4.0
2021-02-03,3343.46,-0.0049966520348188,2.2021,4.25,5.7,4.0
2021-02-04,3372.0,0.0085360674271561,2.2021,4.25,5.7,4.0
2021-02-05,3392.73,0.0061476868327401,2.2021,4.25,5.7,4.0
2021-02-08,3445.9,0.0156717451727665,2.2021,4.25,5.7,4.0
2021-02-09,3426.86,-0.0055254070054266,2.2021,4.25,5.7,4.0
2021-02-10,3399.66,-0.0079372953666039,2.2021,4.25,5.7,4.0
2021-02-11,3414.32,0.004312195925475,2.2021,4.25,5.7,4.0
2021-02-12,3427.08,0.0037372009653457,2.2021,4.25,5.7,4.0
2021-02-15,3481.9,0.0159961249810334,2.2021,4.25,5.7,4.0
2021-02-16,3495.26,0.0038369855538642,2.2021,4.25,5.7,4.0
2021-02-17,3436.8,-0.0167255082597574,2.2021,4.25,5.7,4.0
2021-02-18,3400.17,-0.0106581703910615,2.2021,4.25,5.7,4.0
2021-02-19,3457.68,0.0169138601893434,2.2021,4.25,5.7,4.0
2021-02-20,3446.32,-0.0032854399481732,2.2021,4.25,5.7,4.0
2021-02-22,3433.93,-0.0035951391629333,2.2021,4.25,5.7,4.0
2021-02-24,3385.48,-0.0141091984985133,2.2021,4.25,5.7,4.0
2021-02-25,3409.76,0.0071718042936304,2.2021,4.25,5.7,4.0
2021-02-26,3346.64,-0.0185115667964901,2.2021,4.25,5.7,4.0
2021-03-01,3386.16,0.0118088590347333,3.2021,4.5,5.8,4.0
2021-03-02,3410.1,0.0070699553476505,3.2021,4.5,5.8,4.0
2021-03-03,3416.04,0.001741884402217,3.2021,4.5,5.8,4.0
2021-03-04,3397.56,-0.0054097727192889,3.2021,4.5,5.8,4.0
2021-03-05,3414.13,0.0048770293975677,3.2021,4.5,5.8,4.0
2021-03-09,3478.72,0.0189184360290908,3.2021,4.5,5.8,4.0
2021-03-10,3463.06,-0.0045016557814367,3.2021,4.5,5.8,4.0
2021-03-11,3508.51,0.0131242311712762,3.2021,4.5,5.8,4.0
2021-03-12,3539.5,0.0088328093692193,3.2021,4.5,5.8,4.0
2021-03-15,3584.49,0.0127108348636812,3.2021,4.5,5.8,4.0
2021-03-16,3589.83,0.0014897516801553,3.2021,4.5,5.8,4.0
2021-03-17,3507.91,-0.022820022118039,3.2021,4.5,5.8,4.0
2021-03-18,3504.85,-0.0008723142840038,3.2021,4.5,5.8,4.0
2021-03-19,3475.26,-0.0084425867012852,3.2021,4.5,5.8,4.0
2021-03-22,3489.07,0.0039738033988823,3.2021,4.5,5.8,4.0
2021-03-23,3467.21,-0.006265279859676,3.2021,4.5,5.8,4.0
2021-03-24,3485.33,0.0052261039856253,3.2021,4.5,5.8,4.0
2021-03-25,3439.3,-0.013206783862647,3.2021,4.5,5.8,4.0
2021-03-26,3489.83,0.0146919431279619,3.2021,4.5,5.8,4.0
2021-03-29,3529.33,0.0113186029118896,3.2021,4.5,5.8,4.0
2021-03-30,3525.23,-0.0011616935792345,3.2021,4.5,5.8,4.0
2021-03-31,3541.72,0.0046777089721805,3.2021,4.5,5.8,4.0
2021-04-01,3527.54,-0.004003704414804,4.2021,5.0,5.5,4.0
2021-04-02,3558.22,0.0086972791236952,4.2021,5.0,5.5,4.0
2021-04-05,3524.93,-0.0093558014962537,4.2021,5.0,5.5,4.0
2021-04-06,3493.89,-0.0088058486267812,4.2021,5.0,5.5,4.0
2021-04-07,3500.34,0.0018460798708603,4.2021,5.0,5.5,4.0
2021-04-08,3507.83,0.0021397921344783,4.2021,5.0,5.5,4.0
2021-04-09,3486.03,-0.0062146683277124,4.2021,5.0,5.5,4.0
2021-04-12,3522.65,0.0105047862468194,4.2021,5.0,5.5,4.0
2021-04-13,3526.3,0.0010361517607482,4.2021,5.0,5.5,4.0
2021-04-14,3576.89,0.0143464821484273,4.2021,5.0,5.5,4.0
2021-04-15,3568.51,-0.0023428173636873,4.2021,5.0,5.5,4.0
2021-04-16,3598.44,0.008387254064021,4.2021,5.0,5.5,4.0
2021-04-19,3574.08,-0.0067696001600694,4.2021,5.0,5.5,4.0
2021-04-20,3552.41,-0.0060630987554839,4.2021,5.0,5.5,4.0
2021-04-21,3561.72,0.0026207560501181,4.2021,5.0,5.5,4.0
2021-04-22,3600.35,0.0108458834495692,4.2021,5.0,5.5,4.0
2021-04-23,3597.17,-0.0008832474620522,4.2021,5.0,5.5,4.0
2021-04-26,3610.98,0.0038391290931483,4.2021,5.0,5.5,4.0
2021-04-27,3600.6,-0.002874565907316,4.2021,5.0,5.5,4.0
2021-04-28,3578.12,-0.0062434038771316,4.2021,5.0,5.5,4.0
2021-04-29,3571.05,-0.0019758979575865,4.2021,5.0,5.5,4.0
2021-04-30,3544.0,-0.0075748029291105,4.2021,5.0,5.5,4.0
2021-05-04,3577.21,0.0093707674943566,5.2021,5.0,6.0,4.0
2021-05-05,3643.56,0.0185479745388166,5.2021,5.0,6.0,4.0
2021-05-06,3658.27,0.0040372602619416,5.2021,5.0,6.0,4.0
2021-05-07,3682.69,0.0066752864058694,5.2021,5.0,6.0,4.0
2021-05-10,3694.78,0.0032829263391704,5.2021,5.0,6.0,4.0
2021-05-11,3652.05,-0.0115649646257692,5.2021,5.0,6.0,4.0
2021-05-12,3654.14,0.0005722813214494,5.2021,5.0,6.0,4.0
2021-05-13,3637.38,-0.0045865785109491,5.2021,5.0,6.0,4.0
2021-05-14,3637.6,6.048309497486137e-05,5.2021,5.0,6.0,4.0
2021-05-17,3639.61,0.0005525621288762,5.2021,5.0,6.0,4.0
2021-05-18,3687.96,0.0132843903605055,5.2021,5.0,6.0,4.0
2021-05-19,3634.76,-0.0144253191466284,5.2021,5.0,6.0,4.0
2021-05-20,3636.16,0.0003851698599082,5.2021,5.0,6.0,4.0
2021-05-21,3660.48,0.0066883745489747,5.2021,5.0,6.0,4.0
2021-05-24,3662.51,0.0005545720779789,5.2021,5.0,6.0,4.0
2021-05-25,3686.76,0.006621142331352,5.2021,5.0,6.0,4.0
2021-05-26,3711.05,0.0065884407989671,5.2021,5.0,6.0,4.0
2021-05-27,3738.68,0.0074453321836136,5.2021,5.0,6.0,4.0
2021-05-28,3730.55,-0.0021745642847207,5.2021,5.0,6.0,4.0
2021-05-31,3721.63,-0.0023910683411293,5.2021,5.0,6.0,4.0
2021-06-01,3764.59,0.0115433291326649,6.2021,5.5,6.5,4.0
2021-06-02,3817.68,0.0141024653415111,6.2021,5.5,6.5,4.0
2021-06-03,3805.45,-0.0032035162716623,6.2021,5.5,6.5,4.0
2021-06-04,3807.43,0.0005203064026593,6.2021,5.5,6.5,4.0
2021-06-07,3822.21,0.0038818835802627,6.2021,5.5,6.5,4.0
2021-06-08,3807.43,-0.0038668728301166,6.2021,5.5,6.5,4.0
2021-06-09,3843.28,0.0094158001591626,6.2021,5.5,6.5,4.0
2021-06-10,3827.71,-0.0040512270768718,6.2021,5.5,6.5,4.0
2021-06-11,3841.53,0.0036105138581554,6.2021,5.5,6.5,4.0
2021-06-14,3860.18,0.0048548364844214,6.2021,5.5,6.5,4.0
2021-06-15,3822.4,-0.0097871083731846,6.2021,5.5,6.5,4.0
2021-06-16,3829.67,0.0019019464210967,6.2021,5.5,6.5,4.0
2021-06-17,3819.07,-0.0027678625051243,6.2021,5.5,6.5,4.0
2021-06-18,3802.95,-0.0042209228948409,6.2021,5.5,6.5,4.0
2021-06-21,3813.45,0.0027610144756045,6.2021,5.5,6.5,4.0
2021-06-22,3821.68,0.0021581507558772,6.2021,5.5,6.5,4.0
2021-06-23,3837.15,0.0040479579661301,6.2021,5.5,6.5,4.0
2021-06-24,3823.44,-0.0035729643094484,6.2021,5.5,6.5,4.0
2021-06-25,3831.84,0.0021969744523255,6.2021,5.5,6.5,4.0
2021-06-28,3825.57,-0.0016362896154328,6.2021,5.5,6.5,4.0
2021-06-29,3790.85,-0.0090757717150647,6.2021,5.5,6.5,4.0
2021-06-30,3841.85,0.013453447116082,6.2021,5.5,6.5,4.0
2021-07-01,3858.32,0.0042869971498107,7.2021,6.5,6.5,4.0
2021-07-02,3865.42,0.0018401791453275,7.2021,6.5,6.5,4.0
2021-07-05,3882.59,0.0044419493871299,7.2021,6.5,6.5,4.0
2021-07-06,3884.3,0.000440427652675,7.2021,6.5,6.5,4.0
2021-07-07,3895.1,0.0027804237571762,7.2021,6.5,6.5,4.0
2021-07-08,3861.08,-0.008734050473672,7.2021,6.5,6.5,4.0
2021-07-09,3855.31,-0.0014944005304214,7.2021,6.5,6.5,4.0
2021-07-12,3875.61,0.0052654650339403,7.2021,6.5,6.5,4.0
2021-07-13,3877.03,0.0003663939354063,7.2021,6.5,6.5,4.0
2021-07-14,3832.85,-0.0113953206449267,7.2021,6.5,6.5,4.0
2021-07-15,3799.97,-0.0085784729378921,7.2021,6.5,6.5,4.0
2021-07-16,3770.15,-0.0078474303744502,7.2021,6.5,6.5,4.0
2021-07-19,3693.42,-0.0203519753855947,7.2021,6.5,6.5,4.0
2021-07-20,3704.4,0.0029728544276037,7.2021,6.5,6.5,4.0
2021-07-21,3722.96,0.0050102580714825,7.2021,6.5,6.5,4.0
2021-07-22,3754.44,0.008455637449771,7.2021,6.5,6.5,4.0
2021-07-23,3734.54,-0.0053003910037182,7.2021,6.5,6.5,4.0
2021-07-26,3750.1,0.0041665104671526,7.2021,6.5,6.5,4.0
2021-07-27,3733.1,-0.004533212447668,7.2021,6.5,6.5,4.0
2021-07-28,3782.28,0.0131740376630682,7.2021,6.5,6.5,4.0
2021-07-29,3804.33,0.0058298169358164,7.2021,6.5,6.5,4.0
2021-07-30,3771.58,-0.0086086117660665,7.2021,6.5,6.5,4.0
2021-08-02,3788.1,0.0043801271615608,8.2021,6.5,6.68,4.0
2021-08-03,3793.69,0.0014756738206489,8.2021,6.5,6.68,4.0
2021-08-04,3810.62,0.0044626735447546,8.2021,6.5,6.68,4.0
2021-08-05,3833.75,0.0060698783924926,8.2021,6.5,6.68,4.0
2021-08-06,3805.36,-0.0074052820345614,8.2021,6.5,6.68,4.0
2021-08-09,3835.11,0.0078179199865453,8.2021,6.5,6.68,4.0
2021-08-10,3862.32,0.0070949725040481,8.2021,6.5,6.68,4.0
2021-08-11,3877.37,0.0038966217195881,8.2021,6.5,6.68,4.0
2021-08-12,3888.86,0.0029633488679181,8.2021,6.5,6.68,4.0
2021-08-13,3873.0,-0.0040783160103475,8.2021,6.5,6.68,4.0
2021-08-16,3895.31,0.0057603924606248,8.2021,6.5,6.68,4.0
2021-08-17,3943.01,0.0122454952237434,8.2021,6.5,6.68,4.0
2021-08-18,3925.17,-0.0045244622762813,8.2021,6.5,6.68,4.0
2021-08-19,3853.98,-0.0181367940751611,8.2021,6.5,6.68,4.0
2021-08-20,3832.7,-0.0055215647201075,8.2021,6.5,6.68,4.0
2021-08-23,3883.01,0.0131265165549092,8.2021,6.5,6.68,4.0
2021-08-24,3888.87,0.0015091385291305,8.2021,6.5,6.68,4.0
2021-08-25,3886.64,-0.0005734313566665,8.2021,6.5,6.68,4.0
2021-08-26,3851.57,-0.009023217998065,8.2021,6.5,6.68,4.0
2021-08-27,3887.38,0.0092975072502901,8.2021,6.5,6.68,4.0
2021-08-30,3928.5,0.0105778184792841,8.2021,6.5,6.68,4.0
2021-08-31,3918.96,-0.0024284077892324,8.2021,6.5,6.68,4.0
2021-09-01,3971.02,0.0132841366076714,9.2021,6.75,7.4,4.0
2021-09-02,3990.77,0.0049735332483844,9.2021,6.75,7.4,4.0
2021-09-03,4001.7,0.0027388198267501,9.2021,6.75,7.4,4.0
2021-09-06,4028.25,0.0066346802608892,9.2021,6.75,7.4,4.0
2021-09-07,4010.16,-0.0044907838391361,9.2021,6.75,7.4,4.0
2021-09-08,4017.37,0.0017979332495461,9.2021,6.75,7.4,4.0
2021-09-09,3993.56,-0.0059267630315354,9.2021,6.75,7.4,4.0
2021-09-10,4002.66,0.002278668656537,9.2021,6.75,7.4,4.0
2021-09-13,4041.16,0.009618603628587,9.2021,6.75,7.4,4.0
2021-09-14,4055.7,0.0035979768185372,9.2021,6.75,7.4,4.0
2021-09-15,4065.53,0.0024237492911212,9.2021,6.75,7.4,4.0
2021-09-16,4045.1,-0.0050251750694252,9.2021,6.75,7.4,4.0
2021-09-17,4035.17,-0.0024548218832661,9.2021,6.75,7.4,4.0
2021-09-20,3969.61,-0.0162471469603511,9.2021,6.75,7.4,4.0
2021-09-21,3970.48,0.0002191651068996,9.2021,6.75,7.4,4.0
2021-09-22,4030.98,0.0152374523987024,9.2021,6.75,7.4,4.0
2021-09-23,4052.14,0.0052493438320209,9.2021,6.75,7.4,4.0
2021-09-24,4038.23,-0.0034327540509458,9.2021,6.75,7.4,4.0
2021-09-27,4081.22,0.0106457532136603,9.2021,6.75,7.4,4.0
2021-09-28,4065.46,-0.00386159040679,9.2021,6.75,7.4,4.0
2021-09-29,4058.37,-0.0017439600930768,9.2021,6.75,7.4,4.0
2021-09-30,4103.52,0.0111251561587535,9.2021,6.75,7.4,4.0
2021-10-01,4086.99,-0.0040282489180022,10.2021,7.5,8.13,4.0
2021-10-04,4112.72,0.0062955867276408,10.2021,7.5,8.13,4.0
2021-10-05,4223.85,0.0270210468984031,10.2021,7.5,8.13,4.0
2021-10-06,4171.71,-0.0123441883589616,10.2021,7.5,8.13,4.0
2021-10-07,4228.02,0.0134980619458209,10.2021,7.5,8.13,4.0
2021-10-08,4238.0,0.0023604429496548,10.2021,7.5,8.13,4.0
2021-10-11,4279.87,0.0098796602170834,10.2021,7.5,8.13,4.0
2021-10-12,4263.8,-0.0037547869444631,10.2021,7.5,8.13,4.0
2021-10-13,4243.92,-0.0046625076223087,10.2021,7.5,8.13,4.0
2021-10-14,4259.13,0.0035839506871007,10.2021,7.5,8.13,4.0
2021-10-15,4261.82,0.0006315843846043,10.2021,7.5,8.13,4.0
2021-10-18,4248.33,-0.0031653143492685,10.2021,7.5,8.13,4.0
2021-10-19,4276.26,0.0065743480379349,10.2021,7.5,8.13,4.0
2021-10-20,4287.52,0.0026331420446839,10.2021,7.5,8.13,4.0
2021-10-21,4218.63,-0.0160675635332313,10.2021,7.5,8.13,4.0
2021-10-22,4196.96,-0.0051367387042713,10.2021,7.5,8.13,4.0
2021-10-25,4254.98,0.0138242918683999,10.2021,7.5,8.13,4.0
2021-10-26,4235.87,-0.0044912079492734,10.2021,7.5,8.13,4.0
2021-10-27,4229.53,-0.0014967409292542,10.2021,7.5,8.13,4.0
2021-10-28,4189.66,-0.0094265793125949,10.2021,7.5,8.13,4.0
2021-10-29,4150.0,-0.0094661619319944,10.2021,7.5,8.13,4.0
2021-11-01,4221.49,0.0172265060240963,11.2021,7.5,8.4,4.0
2021-11-02,4207.53,-0.0033068892736924,11.2021,7.5,8.4,4.0
2021-11-03,4184.87,-0.0053855825151573,11.2021,7.5,8.4,4.0
2021-11-05,4174.76,-0.0024158456535088,11.2021,7.5,8.4,4.0
2021-11-08,4218.27,0.0104221560041775,11.2021,7.5,8.4,4.0
2021-11-09,4187.33,-0.0073347604586715,11.2021,7.5,8.4,4.0
2021-11-10,4172.47,-0.0035488007871363,11.2021,7.5,8.4,4.0
2021-11-11,4189.35,0.0040455653365991,11.2021,7.5,8.4,4.0
2021-11-12,4121.66,-0.0161576378197095,11.2021,7.5,8.4,4.0
2021-11-15,4135.14,0.0032705269236181,11.2021,7.5,8.4,4.0
2021-11-16,4120.02,-0.0036564662865101,11.2021,7.5,8.4,4.0
2021-11-17,4149.02,0.0070388007825203,11.2021,7.5,8.4,4.0
2021-11-18,4093.85,-0.0132971159454523,11.2021,7.5,8.4,4.0
2021-11-19,4016.47,-0.0189015230162317,11.2021,7.5,8.4,4.0
2021-11-22,3872.77,-0.035777685380446,11.2021,7.5,8.4,4.0
2021-11-23,3960.33,0.0226091402277957,11.2021,7.5,8.4,4.0
2021-11-24,3950.56,-0.0024669661366603,11.2021,7.5,8.4,4.0
2021-11-25,3947.82,-0.000693572556802,11.2021,7.5,8.4,4.0
2021-11-26,3810.98,-0.0346621679813162,11.2021,7.5,8.4,4.0
2021-11-29,3879.54,0.017990123275378,11.2021,7.5,8.4,4.0
2021-11-30,3890.59,0.0028482758265155,11.2021,7.5,8.4,4.0
2021-12-01,3959.29,0.0176579901762972,12.2021,8.5,8.39,4.0
2021-12-02,3947.54,-0.0029677038054802,12.2021,8.5,8.39,4.0
2021-12-03,3913.06,-0.0087345536714004,12.2021,8.5,8.39,4.0
2021-12-06,3810.1,-0.0263118889053579,12.2021,8.5,8.39,4.0
2021-12-07,3873.2,0.0165612451116767,12.2021,8.5,8.39,4.0
2021-12-08,3773.61,-0.0257125890736341,12.2021,8.5,8.39,4.0
2021-12-09,3813.29,0.0105151300743848,12.2021,8.5,8.39,4.0
2021-12-10,3760.23,-0.0139144937835832,12.2021,8.5,8.39,4.0
2021-12-13,3618.31,-0.0377423721421296,12.2021,8.5,8.39,4.0
2021-12-14,3619.39,0.0002984818879532,12.2021,8.5,8.39,4.0
2021-12-15,3621.82,0.0006713838519751,12.2021,8.5,8.39,4.0
2021-12-16,3750.36,0.0354904440309016,12.2021,8.5,8.39,4.0
2021-12-17,3723.27,-0.00722330656257,12.2021,8.5,8.39,4.0
2021-12-20,3669.05,-0.0145624679381296,12.2021,8.5,8.39,4.0
2021-12-21,3693.02,0.0065330262602034,12.2021,8.5,8.39,4.0
2021-12-22,3746.75,0.0145490682422515,12.2021,8.5,8.39,4.0
2021-12-23,3704.6,-0.0112497497831454,12.2021,8.5,8.39,4.0
2021-12-24,3702.72,-0.0005074771905199,12.2021,8.5,8.39,4.0
2021-12-27,3740.63,0.0102384193241726,12.2021,8.5,8.39,4.0
2021-12-28,3777.56,0.0098726685077112,12.2021,8.5,8.39,4.0
2021-12-29,3741.07,-0.0096596744988828,12.2021,8.5,8.39,4.0
2021-12-30,3787.26,0.0123467350250061,12.2021,8.5,8.39,4.0
2022-01-03,3852.5,0.0172261740677956,1.2022,8.5,8.73,4.0
2022-01-04,3873.49,0.0054484101232965,1.2022,8.5,8.73,4.0
2022-01-05,3815.05,-0.0150871694518378,1.2022,8.5,8.73,4.0
2022-01-06,3753.29,-0.016188516533204,1.2022,8.5,8.73,4.0
2022-01-07,3772.04,0.0049956171785288,1.2022,8.5,8.73,4.0
2022-01-10,3738.68,-0.0088440207420918,1.2022,8.5,8.73,4.0
2022-01-11,3785.29,0.0124669669509025,1.2022,8.5,8.73,4.0
2022-01-12,3829.95,0.0117983034324977,1.2022,8.5,8.73,4.0
2022-01-13,3674.73,-0.0405279442290368,1.2022,8.5,8.73,4.0
2022-01-14,3596.98,-0.0211580170515929,1.2022,8.5,8.73,4.0
2022-01-17,3560.35,-0.0101835428609555,1.2022,8.5,8.73,4.0
2022-01-18,3328.94,-0.064996418891401,1.2022,8.5,8.73,4.0
2022-01-19,3436.82,0.0324067120464772,1.2022,8.5,8.73,4.0
2022-01-20,3516.02,0.0230445586326895,1.2022,8.5,8.73,4.0
2022-01-21,3439.25,-0.0218343467898362,1.2022,8.5,8.73,4.0
2022-01-24,3235.28,-0.0593065348549828,1.2022,8.5,8.73,4.0
2022-01-25,3258.74,0.007251304369328,1.2022,8.5,8.73,4.0
2022-01-26,3357.66,0.0303552906951767,1.2022,8.5,8.73,4.0
2022-01-27,3455.93,0.0292674064675995,1.2022,8.5,8.73,4.0
2022-01-28,3488.6,0.009453316473424,1.2022,8.5,8.73,4.0
2022-01-31,3530.38,0.011976150891475,1.2022,8.5,8.73,4.0
2022-02-01,3548.17,0.0050391176020712,2.2022,20.0,9.15,4.0
2022-02-02,3543.8,-0.0012316208073457,2.2022,20.0,9.15,4.0
2022-02-03,3471.18,-0.0204921270952086,2.2022,20.0,9.15,4.0
2022-02-04,3471.01,-4.897470024589623e-05,2.2022,20.0,9.15,4.0
2022-02-07,3470.78,-6.6263133785327e-05,2.2022,20.0,9.15,4.0
2022-02-08,3551.65,0.0233002379868501,2.2022,20.0,9.15,4.0
2022-02-09,3638.93,0.0245744935452536,2.2022,20.0,9.15,4.0
2022-02-10,3655.76,0.0046249859161897,2.2022,20.0,9.15,4.0
2022-02-11,3546.62,-0.029854257391076,2.2022,20.0,9.15,4.0
2022-02-14,3481.38,-0.018394978881301,2.2022,20.0,9.15,4.0
2022-02-15,3600.29,0.0341559956109358,2.2022,20.0,9.15,4.0
2022-02-16,3646.41,0.0128100791880654,2.2022,20.0,9.15,4.0
2022-02-17,3511.08,-0.0371132154639768,2.2022,20.0,9.15,4.0
2022-02-18,3393.31,-0.0335423858186084,2.2022,20.0,9.15,4.0
2022-02-21,3036.88,-0.1050390326849005,2.2022,20.0,9.15,4.0
2022-02-22,3084.74,0.0157595953741997,2.2022,20.0,9.15,4.0
2022-02-24,2058.12,-0.3328060063408909,2.2022,20.0,9.15,4.0
2022-02-25,2470.48,0.2003576079140188,2.2022,20.0,9.15,4.0
2022-03-24,2578.51,0.043728344289369,3.2022,20.0,16.69,4.0
2022-03-25,2484.13,-0.0366025340215862,3.2022,20.0,16.69,4.0
2022-03-28,2430.7,-0.0215085361877197,3.2022,20.0,16.69,4.0
2022-03-29,2408.49,-0.0091372855556013,3.2022,20.0,16.69,4.0
2022-03-30,2513.03,0.0434047888926258,3.2022,20.0,16.69,4.0
2022-03-31,2703.51,0.0757969463158021,3.2022,20.0,16.69,4.0
2022-04-01,2759.64,0.0207618984209414,4.2022,17.0,17.83,4.0
2022-04-04,2787.69,0.0101643692655564,4.2022,17.0,17.83,4.0
2022-04-05,2662.79,-0.0448041209747138,4.2022,17.0,17.83,4.0
2022-04-06,2611.43,-0.0192880399881327,4.2022,17.0,17.83,4.0
2022-04-07,2635.39,0.0091750496854214,4.2022,17.0,17.83,4.0
2022-04-08,2592.72,-0.0161911519737116,4.2022,17.0,17.83,4.0
2022-04-11,2557.16,-0.0137153259896941,4.2022,17.0,17.83,4.0
2022-04-12,2540.99,-0.0063234212954996,4.2022,17.0,17.83,4.0
2022-04-13,2528.42,-0.0049468907787908,4.2022,17.0,17.83,4.0
2022-04-14,2404.73,-0.0489198788176015,4.2022,17.0,17.83,4.0
2022-04-15,2424.99,0.0084250622731032,4.2022,17.0,17.83,4.0
2022-04-18,2342.63,-0.0339630266516561,4.2022,17.0,17.83,4.0
2022-04-19,2317.46,-0.0107443343592458,4.2022,17.0,17.83,4.0
2022-04-20,2330.73,0.0057260966748078,4.2022,17.0,17.83,4.0
2022-04-21,2271.05,-0.0256057115152762,4.2022,17.0,17.83,4.0
2022-04-22,2232.23,-0.0170934149402259,4.2022,17.0,17.83,4.0
2022-04-25,2186.22,-0.0206116753201955,4.2022,17.0,17.83,4.0
2022-04-26,2318.46,0.0604879655295442,4.2022,17.0,17.83,4.0
2022-04-27,2424.28,0.0456423660533285,4.2022,17.0,17.83,4.0
2022-04-28,2383.66,-0.0167554902899006,4.2022,17.0,17.83,4.0
2022-04-29,2445.17,0.0258048547192133,4.2022,17.0,17.83,4.0
2022-05-04,2373.16,-0.0294498950993183,5.2022,11.0,17.1,4.0
2022-05-05,2404.8,0.0133324343912759,5.2022,11.0,17.1,4.0
2022-05-06,2393.03,-0.004894377910845,5.2022,11.0,17.1,4.0
2022-05-11,2387.14,-0.0024613147348759,5.2022,11.0,17.1,4.0
2022-05-12,2297.89,-0.0373878364905284,5.2022,11.0,17.1,4.0
2022-05-13,2307.5,0.0041820974894359,5.2022,11.0,17.1,4.0
2022-05-16,2364.6,0.0247453954496208,5.2022,11.0,17.1,4.0
2022-05-17,2424.1,0.0251628182356424,5.2022,11.0,17.1,4.0
2022-05-18,2445.3,0.0087455137989358,5.2022,11.0,17.1,4.0
2022-05-19,2436.57,-0.0035701140964299,5.2022,11.0,17.1,4.0
2022-05-20,2373.26,-0.025983246941397,5.2022,11.0,17.1,4.0
2022-05-23,2301.85,-0.030089412875117,5.2022,11.0,17.1,4.0
2022-05-24,2293.62,-0.0035753850163998,5.2022,11.0,17.1,4.0
2022-05-25,2340.18,0.0202997881078819,5.2022,11.0,17.1,4.0
2022-05-26,2413.06,0.0311429035373347,5.2022,11.0,17.1,4.0
2022-05-27,2407.59,-0.0022668313261998,5.2022,11.0,17.1,4.0
2022-05-30,2400.39,-0.0029905424096297,5.2022,11.0,17.1,4.0
2022-05-31,2355.75,-0.0185969779910764,5.2022,11.0,17.1,4.0
2022-06-01,2374.6,0.0080016979730446,6.2022,9.5,15.9,4.0
2022-06-02,2340.17,-0.0144992840899519,6.2022,9.5,15.9,4.0
2022-06-03,2308.03,-0.0137340449625453,6.2022,9.5,15.9,4.0
2022-06-06,2282.16,-0.0112086931279057,6.2022,9.5,15.9,4.0
2022-06-07,2291.62,0.0041451957794369,6.2022,9.5,15.9,4.0
2022-06-08,2318.85,0.011882423787539,6.2022,9.5,15.9,4.0
2022-06-09,2293.99,-0.0107208314466222,6.2022,9.5,15.9,4.0
2022-06-10,2285.52,-0.0036922567230022,6.2022,9.5,15.9,4.0
2022-06-14,2289.75,0.0018507823164968,6.2022,9.5,15.9,4.0
2022-06-15,2318.96,0.0127568511846272,6.2022,9.5,15.9,4.0
2022-06-16,2369.75,0.0219020595439334,6.2022,9.5,15.9,4.0
2022-06-17,2353.98,-0.0066547104124907,6.2022,9.5,15.9,4.0
2022-06-20,2404.4,0.0214190434922982,6.2022,9.5,15.9,4.0
2022-06-21,2358.81,-0.0189610713691565,6.2022,9.5,15.9,4.0
2022-06-22,2373.52,0.0062361953696992,6.2022,9.5,15.9,4.0
2022-06-23,2404.54,0.0130691968047456,6.2022,9.5,15.9,4.0
2022-06-24,2391.51,-0.0054189158841191,6.2022,9.5,15.9,4.0
2022-06-27,2417.06,0.0106836266626524,6.2022,9.5,15.9,4.0
2022-06-28,2408.75,-0.0034380611155701,6.2022,9.5,15.9,4.0
2022-06-29,2378.55,-0.0125376232485728,6.2022,9.5,15.9,4.0
2022-06-30,2204.85,-0.0730276849340986,6.2022,9.5,15.9,4.0
2022-07-01,2206.61,0.0007982402431006,7.2022,8.0,15.1,4.0
2022-07-04,2204.66,-0.0008837084940248,7.2022,8.0,15.1,4.0
2022-07-05,2226.64,0.0099697912603304,7.2022,8.0,15.1,4.0
2022-07-06,2221.88,-0.0021377501526963,7.2022,8.0,15.1,4.0
2022-07-07,2226.65,0.0021468306119141,7.2022,8.0,15.1,4.0
2022-07-08,2222.51,-0.001859295354007,7.2022,8.0,15.1,4.0
2022-07-11,2162.34,-0.0270729940472709,7.2022,8.0,15.1,4.0
2022-07-12,2133.77,-0.0132125382687274,7.2022,8.0,15.1,4.0
2022-07-13,2073.68,-0.028161423208687,7.2022,8.0,15.1,4.0
2022-07-14,2063.3,-0.0050055939199874,7.2022,8.0,15.1,4.0
2022-07-15,2109.52,0.0224010080938301,7.2022,8.0,15.1,4.0
2022-07-18,2096.42,-0.0062099434942545,7.2022,8.0,15.1,4.0
2022-07-19,2071.28,-0.0119918718577384,7.2022,8.0,15.1,4.0
2022-07-20,2075.24,0.0019118612645319,7.2022,8.0,15.1,4.0
2022-07-21,2053.64,-0.0104084346870723,7.2022,8.0,15.1,4.0
2022-07-22,2096.75,0.02099199470209,7.2022,8.0,15.1,4.0
2022-07-25,2128.96,0.0153618695600334,7.2022,8.0,15.1,4.0
2022-07-26,2192.42,0.0298079813617917,7.2022,8.0,15.1,4.0
2022-07-27,2196.22,0.0017332445425601,7.2022,8.0,15.1,4.0
2022-07-28,2189.16,-0.003214614200763,7.2022,8.0,15.1,4.0
2022-07-29,2213.81,0.0112600266768989,7.2022,8.0,15.1,4.0
2022-08-01,2180.09,-0.0152316594468359,8.2022,8.0,14.3,4.0
2022-08-02,2137.3,-0.0196276300519703,8.2022,8.0,14.3,4.0
2022-08-03,2123.92,-0.0062602348757778,8.2022,8.0,14.3,4.0
2022-08-04,2116.58,-0.0034558740442202,8.2022,8.0,14.3,4.0
2022-08-05,2054.29,-0.0294295514462009,8.2022,8.0,14.3,4.0
2022-08-08,2088.4,0.0166042769034557,8.2022,8.0,14.3,4.0
2022-08-09,2136.8,0.0231756368511779,8.2022,8.0,14.3,4.0
2022-08-10,2151.5,0.0068794459004117,8.2022,8.0,14.3,4.0
2022-08-11,2133.11,-0.0085475249825702,8.2022,8.0,14.3,4.0
2022-08-12,2147.33,0.0066663228806764,8.2022,8.0,14.3,4.0
2022-08-15,2165.12,0.0082847070548075,8.2022,8.0,14.3,4.0
2022-08-16,2208.33,0.0199573233816139,8.2022,8.0,14.3,4.0
2022-08-17,2188.56,-0.0089524663433454,8.2022,8.0,14.3,4.0
2022-08-18,2194.31,0.0026272983148736,8.2022,8.0,14.3,4.0
2022-08-19,2195.16,0.0003873655044182,8.2022,8.0,14.3,4.0
2022-08-22,2228.11,0.0150102953771025,8.2022,8.0,14.3,4.0
2022-08-23,2260.08,0.0143484836924567,8.2022,8.0,14.3,4.0
2022-08-24,2248.22,-0.0052476018548016,8.2022,8.0,14.3,4.0
2022-08-25,2246.34,-0.0008362170961915,8.2022,8.0,14.3,4.0
2022-08-26,2268.89,0.0100385515994905,8.2022,8.0,14.3,4.0
2022-08-29,2296.33,0.0120940195425958,8.2022,8.0,14.3,4.0
2022-08-30,2306.62,0.0044810632618133,8.2022,8.0,14.3,4.0
2022-08-31,2400.08,0.0405181607720388,8.2022,8.0,14.3,4.0
2022-09-01,2445.77,0.0190368654378187,9.2022,7.5,13.68,4.0
2022-09-02,2471.45,0.0104997608115235,9.2022,7.5,13.68,4.0
2022-09-05,2488.44,0.0068745068684377,9.2022,7.5,13.68,4.0
2022-09-06,2425.33,-0.0253612705148608,9.2022,7.5,13.68,4.0
2022-09-07,2401.57,-0.0097966049980826,9.2022,7.5,13.68,4.0
2022-09-08,2390.27,-0.00470525531215,9.2022,7.5,13.68,4.0
2022-09-09,2426.06,0.0149732038639986,9.2022,7.5,13.68,4.0
2022-09-12,2449.65,0.0097235847423395,9.2022,7.5,13.68,4.0
2022-09-13,2446.89,-0.0011266915681833,9.2022,7.5,13.68,4.0
2022-09-14,2435.89,-0.0044955024541356,9.2022,7.5,13.68,4.0
2022-09-15,2446.59,0.0043926449880742,9.2022,7.5,13.68,4.0
2022-09-16,2435.18,-0.004663633874086,9.2022,7.5,13.68,4.0
2022-09-19,2430.54,-0.0019054032966762,9.2022,7.5,13.68,4.0
2022-09-20,2215.67,-0.0884042229298838,9.2022,7.5,13.68,4.0
2022-09-21,2130.71,-0.0383450604106206,9.2022,7.5,13.68,4.0
2022-09-22,2190.87,0.0282347198821049,9.2022,7.5,13.68,4.0
2022-09-23,2089.87,-0.0461004076006335,9.2022,7.5,13.68,4.0
2022-09-26,1933.35,-0.0748946106695631,9.2022,7.5,13.68,4.0
2022-09-27,1953.46,0.0104016344686683,9.2022,7.5,13.68,4.0
2022-09-28,1963.86,0.0053238868469278,9.2022,7.5,13.68,4.0
2022-09-29,1953.77,-0.0051378407829478,9.2022,7.5,13.68,4.0
2022-09-30,1957.31,0.0018118816442058,9.2022,7.5,13.68,4.0
2022-10-03,2041.96,0.0432481313639638,10.2022,7.5,12.63,4.0
2022-10-04,2046.42,0.0021841759877765,10.2022,7.5,12.63,4.0
2022-10-05,2029.88,-0.0080824073259643,10.2022,7.5,12.63,4.0
2022-10-06,2020.63,-0.0045569196208642,10.2022,7.5,12.63,4.0
2022-10-07,1944.75,-0.0375526444722685,10.2022,7.5,12.63,4.0
2022-10-10,1916.97,-0.0142846124180485,10.2022,7.5,12.63,4.0
2022-10-11,1949.46,0.0169486220441634,10.2022,7.5,12.63,4.0
2022-10-12,1951.65,0.0011233880151426,10.2022,7.5,12.63,4.0
2022-10-13,1955.2,0.0018189736889298,10.2022,7.5,12.63,4.0
2022-10-14,1950.98,-0.0021583469721767,10.2022,7.5,12.63,4.0
2022-10-17,2012.85,0.0317122676808576,10.2022,7.5,12.63,4.0
2022-10-18,2032.4,0.0097125965670568,10.2022,7.5,12.63,4.0
2022-10-19,1978.4,-0.0265695729187167,10.2022,7.5,12.63,4.0
2022-10-20,2025.51,0.0238121714516781,10.2022,7.5,12.63,4.0
2022-10-21,2043.71,0.0089853913335407,10.2022,7.5,12.63,4.0
2022-10-24,2063.95,0.0099035577454726,10.2022,7.5,12.63,4.0
2022-10-25,2130.65,0.0323166743380411,10.2022,7.5,12.63,4.0
2022-10-26,2120.58,-0.0047262572454416,10.2022,7.5,12.63,4.0
2022-10-27,2164.64,0.0207773345028245,10.2022,7.5,12.63,4.0
2022-10-28,2167.7,0.0014136299800429,10.2022,7.5,12.63,4.0
2022-10-31,2166.61,-0.0005028371084557,10.2022,7.5,12.63,4.0
2022-11-01,2174.35,0.0035724011243369,11.2022,7.5,11.98,4.0
2022-11-02,2173.84,-0.000234552854876,11.2022,7.5,11.98,4.0
2022-11-03,2155.92,-0.0082434769808266,11.2022,7.5,11.98,4.0
2022-11-07,2208.78,0.0245185350105756,11.2022,7.5,11.98,4.0
2022-11-08,2207.2,-0.0007153270131023,11.2022,7.5,11.98,4.0
2022-11-09,2166.56,-0.0184124682856107,11.2022,7.5,11.98,4.0
2022-11-10,2210.02,0.0200594490805701,11.2022,7.5,11.98,4.0
2022-11-11,2217.44,0.0033574356793151,11.2022,7.5,11.98,4.0
2022-11-14,2244.77,0.0123250234504652,11.2022,7.5,11.98,4.0
2022-11-15,2223.26,-0.0095822734623145,11.2022,7.5,11.98,4.0
2022-11-16,2227.19,0.0017676744960102,11.2022,7.5,11.98,4.0
2022-11-17,2212.93,-0.0064026867936728,11.2022,7.5,11.98,4.0
2022-11-18,2206.32,-0.0029869900990991,11.2022,7.5,11.98,4.0
2022-11-21,2166.31,-0.0181342688277313,11.2022,7.5,11.98,4.0
2022-11-22,2196.04,0.0137237976097603,11.2022,7.5,11.98,4.0
2022-11-23,2211.89,0.0072175370211835,11.2022,7.5,11.98,4.0
2022-11-24,2210.95,-0.0004249759255658,11.2022,7.5,11.98,4.0
2022-11-25,2195.17,-0.0071372034645739,11.2022,7.5,11.98,4.0
2022-11-28,2177.45,-0.0080722677514726,11.2022,7.5,11.98,4.0
2022-11-29,2185.32,0.00361431950217,11.2022,7.5,11.98,4.0
2022-11-30,2174.53,-0.0049374919920194,11.2022,7.5,11.98,4.0
2022-12-01,2187.29,0.0058679346801375,12.2022,7.5,11.94,4.0
2022-12-02,2180.44,-0.0031317292174334,12.2022,7.5,11.94,4.0
2022-12-05,2208.28,0.0127680651611601,12.2022,7.5,11.94,4.0
2022-12-06,2196.24,-0.0054522071476444,12.2022,7.5,11.94,4.0
2022-12-07,2192.88,-0.001529887443995,12.2022,7.5,11.94,4.0
2022-12-08,2184.43,-0.003853380029915,12.2022,7.5,11.94,4.0
2022-12-09,2177.85,-0.0030122274460614,12.2022,7.5,11.94,4.0
2022-12-12,2173.16,-0.0021535000114791,12.2022,7.5,11.94,4.0
2022-12-13,2174.38,0.0005613944670435,12.2022,7.5,11.94,4.0
2022-12-14,2159.81,-0.0067007606766067,12.2022,7.5,11.94,4.0
2022-12-15,2126.8,-0.0152837518115018,12.2022,7.5,11.94,4.0
2022-12-16,2132.75,0.002797630242618,12.2022,7.5,11.94,4.0
2022-12-19,2129.98,-0.0012987926386121,12.2022,7.5,11.94,4.0
2022-12-20,2119.37,-0.0049812674297411,12.2022,7.5,11.94,4.0
2022-12-21,2116.13,-0.00152875618698,12.2022,7.5,11.94,4.0
2022-12-22,2122.91,0.0032039619494075,12.2022,7.5,11.94,4.0
2022-12-23,2124.02,0.0005228671964427,12.2022,7.5,11.94,4.0
2022-12-26,2139.21,0.0071515334130562,12.2022,7.5,11.94,4.0
2022-12-27,2150.92,0.0054739833863903,12.2022,7.5,11.94,4.0
2022-12-28,2139.77,-0.0051838283153256,12.2022,7.5,11.94,4.0
2022-12-29,2147.06,0.0034069082191077,12.2022,7.5,11.94,4.0
2022-12-30,2154.12,0.0032882173763191,12.2022,7.5,11.94,4.0
2023-01-03,2172.68,0.0086160473882606,1.2023,7.5,11.77,4.0
2023-01-04,2168.42,-0.001960712115912,1.2023,7.5,11.77,4.0
2023-01-05,2156.67,-0.0054186919508213,1.2023,7.5,11.77,4.0
2023-01-06,2156.39,-0.0001298297838798,1.2023,7.5,11.77,4.0
2023-01-09,2163.5,0.003297177226754,1.2023,7.5,11.77,4.0
2023-01-10,2159.51,-0.0018442338802864,1.2023,7.5,11.77,4.0
2023-01-11,2186.98,0.0127204782566414,1.2023,7.5,11.77,4.0
2023-01-12,2185.93,-0.0004801141299876,1.2023,7.5,11.77,4.0
2023-01-13,2199.94,0.0064091713824323,1.2023,7.5,11.77,4.0
2023-01-16,2224.9,0.0113457639753811,1.2023,7.5,11.77,4.0
2023-01-17,2196.84,-0.0126118027776529,1.2023,7.5,11.77,4.0
2023-01-18,2196.26,-0.0002640155860235,1.2023,7.5,11.77,4.0
2023-01-19,2168.83,-0.0124894138216787,1.2023,7.5,11.77,4.0
2023-01-20,2166.69,-0.0009867071185846,1.2023,7.5,11.77,4.0
2023-01-23,2185.31,0.0085937536057303,1.2023,7.5,11.77,4.0
2023-01-24,2172.75,-0.0057474683225721,1.2023,7.5,11.77,4.0
2023-01-25,2170.15,-0.0011966402025083,1.2023,7.5,11.77,4.0
2023-01-26,2166.92,-0.0014883763795129,1.2023,7.5,11.77,4.0
2023-01-27,2189.35,0.0103510974101488,1.2023,7.5,11.77,4.0
2023-01-30,2204.41,0.0068787539680725,1.2023,7.5,11.77,4.0
2023-01-31,2225.6,0.0096125493896326,1.2023,7.5,11.77,4.0
2023-02-01,2230.15,0.0020443925233646,2.2023,7.5,10.99,4.0
2023-02-02,2243.54,0.0060040804430194,2.2023,7.5,10.99,4.0
2023-02-03,2248.3,0.0021216470399458,2.2023,7.5,10.99,4.0
2023-02-06,2272.37,0.0107058666548056,2.2023,7.5,10.99,4.0
2023-02-07,2267.69,-0.0020595237571345,2.2023,7.5,10.99,4.0
2023-02-08,2251.97,-0.0069321644492854,2.2023,7.5,10.99,4.0
2023-02-09,2262.45,0.0046537032020852,2.2023,7.5,10.99,4.0
2023-02-10,2261.58,-0.0003845388848371,2.2023,7.5,10.99,4.0
2023-02-13,2264.27,0.0011894339355671,2.2023,7.5,10.99,4.0
2023-02-14,2232.23,-0.0141502559323755,2.2023,7.5,10.99,4.0
2023-02-15,2166.46,-0.0294638097328679,2.2023,7.5,10.99,4.0
2023-02-16,2153.96,-0.0057697811175835,2.2023,7.5,10.99,4.0
2023-02-17,2168.88,0.0069267767275158,2.2023,7.5,10.99,4.0
2023-02-20,2183.57,0.0067730810372172,2.2023,7.5,10.99,4.0
2023-02-21,2212.42,0.0132123082841402,2.2023,7.5,10.99,4.0
2023-02-22,2212.4,-9.03987488809488e-06,2.2023,7.5,10.99,4.0
2023-02-24,2208.03,-0.0019752305188934,2.2023,7.5,10.99,4.0
2023-02-27,2241.1,0.0149771515785563,2.2023,7.5,10.99,4.0
2023-02-28,2253.16,0.005381285975637,2.2023,7.5,10.99,4.0
2023-03-01,2279.65,0.0117568215306504,3.2023,7.5,3.51,4.0
2023-03-02,2254.3,-0.0111201280898383,3.2023,7.5,3.51,4.0
2023-03-03,2272.2,0.0079403806059528,3.2023,7.5,3.51,4.0
2023-03-06,2294.12,0.0096470381128421,3.2023,7.5,3.51,4.0
2023-03-07,2295.6,0.0006451275434589,3.2023,7.5,3.51,4.0
2023-03-09,2290.14,-0.0023784631468897,3.2023,7.5,3.51,4.0
2023-03-10,2276.25,-0.0060651313893472,3.2023,7.5,3.51,4.0
2023-03-13,2269.47,-0.0029785831960462,3.2023,7.5,3.51,4.0
2023-03-14,2290.32,0.0091871670478131,3.2023,7.5,3.51,4.0
2023-03-15,2262.07,-0.0123345209403052,3.2023,7.5,3.51,4.0
2023-03-16,2258.22,-0.0017019809289723,3.2023,7.5,3.51,4.0
2023-03-17,2322.78,0.0285888885936713,3.2023,7.5,3.51,4.0
2023-03-20,2397.16,0.032021973669482,3.2023,7.5,3.51,4.0
2023-03-21,2398.15,0.000412988703299,3.2023,7.5,3.51,4.0
2023-03-22,2393.88,-0.0017805391656068,3.2023,7.5,3.51,4.0
2023-03-23,2388.35,-0.0023100573128144,3.2023,7.5,3.51,4.0
2023-03-24,2391.53,0.0013314631440117,3.2023,7.5,3.51,4.0
2023-03-27,2440.68,0.0205516970307708,3.2023,7.5,3.51,4.0
2023-03-28,2442.19,0.0006186800399889,3.2023,7.5,3.51,4.0
2023-03-29,2460.87,0.0076488725283454,3.2023,7.5,3.51,4.0
2023-03-30,2465.93,0.0020561833822996,3.2023,7.5,3.51,4.0
2023-03-31,2450.67,-0.0061883346242592,3.2023,7.5,3.51,4.0
2023-04-03,2473.32,0.0092423704537942,4.2023,7.5,2.31,4.0
2023-04-04,2480.45,0.0028827648666567,4.2023,7.5,2.31,4.0
2023-04-05,2500.8,0.0082041565038604,4.2023,7.5,2.31,4.0
2023-04-06,2498.3,-0.0009996801023672,4.2023,7.5,2.31,4.0
2023-04-07,2508.39,0.0040387463475162,4.2023,7.5,2.31,4.0
2023-04-10,2547.35,0.015531875027408,4.2023,7.5,2.31,4.0
2023-04-11,2533.69,-0.0053624354721573,4.2023,7.5,2.31,4.0
2023-04-12,2538.47,0.0018865764951512,4.2023,7.5,2.31,4.0
2023-04-13,2544.28,0.0022887802495206,4.2023,7.5,2.31,4.0
2023-04-14,2554.85,0.0041544169666858,4.2023,7.5,2.31,4.0
2023-04-17,2596.11,0.0161496761062294,4.2023,7.5,2.31,4.0
2023-04-18,2615.62,0.0075150898844809,4.2023,7.5,2.31,4.0
2023-04-19,2606.55,-0.0034676290898524,4.2023,7.5,2.31,4.0
2023-04-20,2637.85,0.0120082100861291,4.2023,7.5,2.31,4.0
2023-04-21,2639.95,0.0007961028868206,4.2023,7.5,2.31,4.0
2023-04-24,2635.43,-0.0017121536392734,4.2023,7.5,2.31,4.0
2023-04-25,2626.86,-0.0032518412555065,4.2023,7.5,2.31,4.0
2023-04-26,2620.33,-0.0024858576399199,4.2023,7.5,2.31,4.0
2023-04-27,2646.18,0.0098651696542038,4.2023,7.5,2.31,4.0
2023-04-28,2634.94,-0.0042476324361909,4.2023,7.5,2.31,4.0
2023-05-02,2580.51,-0.0206570168580688,5.2023,7.5,2.51,4.0
2023-05-03,2532.42,-0.0186358510526989,5.2023,7.5,2.51,4.0
2023-05-04,2524.51,-0.0031234945230252,5.2023,7.5,2.51,4.0
2023-05-05,2538.24,0.0054386791892286,5.2023,7.5,2.51,4.0
2023-05-08,2527.59,-0.0041958207261723,5.2023,7.5,2.51,4.0
2023-05-10,2548.63,0.0083241348478193,5.2023,7.5,2.51,4.0
2023-05-11,2595.12,0.0182411727084745,5.2023,7.5,2.51,4.0
2023-05-12,2565.17,-0.011540892136009,5.2023,7.5,2.51,4.0
2023-05-15,2611.07,0.0178935509147541,5.2023,7.5,2.51,4.0
2023-05-16,2633.71,0.0086707748164545,5.2023,7.5,2.51,4.0
2023-05-17,2634.48,0.0002923632442448,5.2023,7.5,2.51,4.0
2023-05-18,2632.91,-0.0005959430324011,5.2023,7.5,2.51,4.0
2023-05-19,2626.16,-0.0025637032788815,5.2023,7.5,2.51,4.0
2023-05-22,2633.26,0.0027035671855486,5.2023,7.5,2.51,4.0
2023-05-23,2641.66,0.0031899622521132,5.2023,7.5,2.51,4.0
2023-05-24,2654.99,0.0050460695168945,5.2023,7.5,2.51,4.0
2023-05-25,2649.98,-0.0018870127571101,5.2023,7.5,2.51,4.0
2023-05-26,2682.03,0.0120944309013653,5.2023,7.5,2.51,4.0
2023-05-29,2732.0,0.0186314097903452,5.2023,7.5,2.51,4.0
2023-05-30,2698.75,-0.0121705710102488,5.2023,7.5,2.51,4.0
2023-05-31,2717.64,0.006999536822603,5.2023,7.5,2.51,4.0
2023-06-01,2721.73,0.0015049822640231,6.2023,7.5,3.25,4.0
2023-06-02,2719.48,-0.0008266800895019,6.2023,7.5,3.25,4.0
2023-06-05,2694.14,-0.0093179578448822,6.2023,7.5,3.25,4.0
2023-06-06,2681.25,-0.0047844581202164,6.2023,7.5,3.25,4.0
2023-06-07,2694.69,0.0050125874125874,6.2023,7.5,3.25,4.0
2023-06-08,2709.69,0.0055665030114782,6.2023,7.5,3.25,4.0
2023-06-09,2708.04,-0.0006089257442734,6.2023,7.5,3.25,4.0
2023-06-13,2757.28,0.018182892424041,6.2023,7.5,3.25,4.0
2023-06-14,2765.18,0.0028651424592349,6.2023,7.5,3.25,4.0
2023-06-15,2800.17,0.0126537874568743,6.2023,7.5,3.25,4.0
2023-06-16,2800.79,0.0002214151283672,6.2023,7.5,3.25,4.0
2023-06-19,2815.07,0.0050985614772975,6.2023,7.5,3.25,4.0
2023-06-20,2803.69,-0.0040425282497416,6.2023,7.5,3.25,4.0
2023-06-21,2819.3,0.0055676626160525,6.2023,7.5,3.25,4.0
2023-06-22,2815.83,-0.0012308019721207,6.2023,7.5,3.25,4.0
2023-06-23,2795.06,-0.0073761555207523,6.2023,7.5,3.25,4.0
2023-06-26,2757.13,-0.0135703705823845,6.2023,7.5,3.25,4.0
2023-06-27,2776.63,0.0070725718410085,6.2023,7.5,3.25,4.0
2023-06-28,2780.92,0.0015450384098709,6.2023,7.5,3.25,4.0
2023-06-29,2796.41,0.0055700991038936,6.2023,7.5,3.25,4.0
2023-06-30,2797.37,0.0003432972990369,6.2023,7.5,3.25,4.0
2023-07-03,2793.93,-0.0012297264930989,7.2023,8.5,4.3,4.0
2023-07-04,2808.22,0.005114659279223,7.2023,8.5,4.3,4.0
2023-07-05,2805.0,-0.0011466338107412,7.2023,8.5,4.3,4.0
2023-07-06,2819.6,0.0052049910873439,7.2023,8.5,4.3,4.0
2023-07-07,2832.51,0.0045786636402327,7.2023,8.5,4.3,4.0
2023-07-10,2856.76,0.0085613113457674,7.2023,8.5,4.3,4.0
2023-07-11,2860.33,0.0012496674554389,7.2023,8.5,4.3,4.0
2023-07-12,2896.83,0.012760765366234,7.2023,8.5,4.3,4.0
2023-07-13,2885.63,-0.0038662952261609,7.2023,8.5,4.3,4.0
2023-07-14,2902.72,0.0059224502101793,7.2023,8.5,4.3,4.0
2023-07-17,2917.61,0.0051296714805424,7.2023,8.5,4.3,4.0
2023-07-18,2954.52,0.0126507655238361,7.2023,8.5,4.3,4.0
2023-07-19,2943.43,-0.0037535707999946,7.2023,8.5,4.3,4.0
2023-07-20,2917.48,-0.0088162449930861,7.2023,8.5,4.3,4.0
2023-07-21,2923.54,0.0020771350617656,7.2023,8.5,4.3,4.0
2023-07-24,2937.47,0.0047647714756766,7.2023,8.5,4.3,4.0
2023-07-25,2975.36,0.0128988551372439,7.2023,8.5,4.3,4.0
2023-07-26,2970.42,-0.0016603032910303,7.2023,8.5,4.3,4.0
2023-07-27,2987.85,0.0058678570707171,7.2023,8.5,4.3,4.0
2023-07-28,3008.61,0.0069481399668658,7.2023,8.5,4.3,4.0
2023-07-31,3073.5,0.021568099554279,7.2023,8.5,4.3,4.0
2023-08-01,3093.64,0.0065527899788513,8.2023,12.0,5.15,4.0
2023-08-02,3106.46,0.0041439857255531,8.2023,12.0,5.15,4.0
2023-08-03,3147.8,0.0133077522324447,8.2023,12.0,5.15,4.0
2023-08-04,3092.44,-0.0175868860791664,8.2023,12.0,5.15,4.0
2023-08-07,3084.08,-0.0027033669206193,8.2023,12.0,5.15,4.0
2023-08-08,3085.31,0.000398822339239,8.2023,12.0,5.15,4.0
2023-08-09,3099.52,0.0046056960240623,8.2023,12.0,5.15,4.0
2023-08-10,3148.86,0.0159185938467891,8.2023,12.0,5.15,4.0
2023-08-11,3155.51,0.0021118754088782,8.2023,12.0,5.15,4.0
2023-08-14,3131.0,-0.0077673656556309,8.2023,12.0,5.15,4.0
2023-08-15,3115.25,-0.0050303417438517,8.2023,12.0,5.15,4.0
2023-08-16,3049.46,-0.021118690313779,8.2023,12.0,5.15,4.0
2023-08-17,3059.02,0.0031349812753733,8.2023,12.0,5.15,4.0
2023-08-18,3111.22,0.0170642885630036,8.2023,12.0,5.15,4.0
2023-08-21,3139.93,0.0092278913095185,8.2023,12.0,5.15,4.0
2023-08-22,3164.25,0.0077453955979911,8.2023,12.0,5.15,4.0
2023-08-23,3146.2,-0.0057043533222723,8.2023,12.0,5.15,4.0
2023-08-24,3137.37,-0.0028065602949589,8.2023,12.0,5.15,4.0
2023-08-25,3157.33,0.0063620165935163,8.2023,12.0,5.15,4.0
2023-08-28,3198.72,0.013109177691277,8.2023,12.0,5.15,4.0
2023-08-29,3211.36,0.0039515806322529,8.2023,12.0,5.15,4.0
2023-08-30,3212.68,0.0004110408051416,8.2023,12.0,5.15,4.0
2023-08-31,3227.99,0.0047654917389843,8.2023,12.0,5.15,4.0
2023-09-01,3231.35,0.0010408954178917,9.2023,13.0,6.0,4.0
2023-09-04,3268.97,0.0116421928915158,9.2023,13.0,6.0,4.0
2023-09-05,3264.43,-0.0013888166609054,9.2023,13.0,6.0,4.0
2023-09-06,3245.47,-0.0058080583746626,9.2023,13.0,6.0,4.0
2023-09-07,3169.07,-0.0235405041488596,9.2023,13.0,6.0,4.0
2023-09-08,3142.88,-0.0082642541818261,9.2023,13.0,6.0,4.0
2023-09-11,3122.37,-0.0065258616300972,9.2023,13.0,6.0,4.0
2023-09-12,3165.92,0.0139477384166515,9.2023,13.0,6.0,4.0
2023-09-13,3148.32,-0.0055592055389902,9.2023,13.0,6.0,4.0
2023-09-14,3139.49,-0.0028046704274026,9.2023,13.0,6.0,4.0
2023-09-15,3152.53,0.0041535408617323,9.2023,13.0,6.0,4.0
2023-09-18,3135.18,-0.0055035162234777,9.2023,13.0,6.0,4.0
2023-09-19,3083.85,-0.016372265707232,9.2023,13.0,6.0,4.0
2023-09-20,3068.15,-0.0050910387989039,9.2023,13.0,6.0,4.0
2023-09-21,3019.22,-0.0159477209393283,9.2023,13.0,6.0,4.0
2023-09-22,3049.07,0.0098866594683395,9.2023,13.0,6.0,4.0
2023-09-25,3045.39,-0.001206925390365,9.2023,13.0,6.0,4.0
2023-09-26,3051.91,0.0021409408975534,9.2023,13.0,6.0,4.0
2023-09-27,3067.61,0.0051443194589617,9.2023,13.0,6.0,4.0
2023-09-28,3108.07,0.0131894210802547,9.2023,13.0,6.0,4.0
2023-09-29,3133.26,0.0081047080664207,9.2023,13.0,6.0,4.0
2023-10-02,3132.33,-0.0002968154573831,10.2023,15.0,6.69,4.0
2023-10-03,3143.88,0.0036873509496127,10.2023,15.0,6.69,4.0
2023-10-04,3134.25,-0.0030630940112218,10.2023,15.0,6.69,4.0
2023-10-05,3131.76,-0.0007944484326393,10.2023,15.0,6.69,4.0
2023-10-06,3144.89,0.0041925307175516,10.2023,15.0,6.69,4.0
2023-10-09,3174.02,0.0092626451163633,10.2023,15.0,6.69,4.0
2023-10-10,3177.03,0.0009483242071568,10.2023,15.0,6.69,4.0
2023-10-11,3194.12,0.0053792378416319,10.2023,15.0,6.69,4.0
2023-10-12,3174.66,-0.0060924448674439,10.2023,15.0,6.69,4.0
2023-10-13,3192.33,0.0055659503694884,10.2023,15.0,6.69,4.0
2023-10-16,3234.78,0.0132974974391746,10.2023,15.0,6.69,4.0
2023-10-17,3247.15,0.003824062223706,10.2023,15.0,6.69,4.0
2023-10-18,3249.21,0.0006344024760174,10.2023,15.0,6.69,4.0
2023-10-19,3255.16,0.0018312143567205,10.2023,15.0,6.69,4.0
2023-10-20,3269.27,0.0043346563609776,10.2023,15.0,6.69,4.0
2023-10-23,3263.68,-0.0017098618345992,10.2023,15.0,6.69,4.0
2023-10-24,3265.01,0.0004075154426905,10.2023,15.0,6.69,4.0
2023-10-25,3265.28,8.269499940283254e-05,10.2023,15.0,6.69,4.0
2023-10-26,3223.89,-0.0126757889063113,10.2023,15.0,6.69,4.0
2023-10-27,3224.18,8.995344133944094e-05,10.2023,15.0,6.69,4.0
2023-10-30,3227.07,0.0008963519406486,10.2023,15.0,6.69,4.0
2023-10-31,3200.97,-0.0080878319962072,10.2023,15.0,6.69,4.0
2023-11-01,3206.52,0.0017338494268925,11.2023,15.0,7.48,4.0
2023-11-02,3197.22,-0.0029003405561169,11.2023,15.0,7.48,4.0
2023-11-03,3208.63,0.0035687253301306,11.2023,15.0,7.48,4.0
2023-11-06,3235.11,0.0082527433826897,11.2023,15.0,7.48,4.0
2023-11-07,3246.34,0.0034712884569612,11.2023,15.0,7.48,4.0
2023-11-08,3245.43,-0.0002803156785796,11.2023,15.0,7.48,4.0
2023-11-09,3239.92,-0.0016977719439333,11.2023,15.0,7.48,4.0
2023-11-10,3242.06,0.0006605101360526,11.2023,15.0,7.48,4.0
2023-11-13,3248.27,0.0019154488195776,11.2023,15.0,7.48,4.0
2023-11-14,3212.39,-0.0110458798067895,11.2023,15.0,7.48,4.0
2023-11-15,3215.11,0.0008467215998058,11.2023,15.0,7.48,4.0
2023-11-16,3189.08,-0.0080961460105564,11.2023,15.0,7.48,4.0
2023-11-17,3206.34,0.0054122191980132,11.2023,15.0,7.48,4.0
2023-11-20,3207.36,0.0003181197252941,11.2023,15.0,7.48,4.0
2023-11-21,3218.48,0.0034670258405666,11.2023,15.0,7.48,4.0
2023-11-22,3230.65,0.0037812880614451,11.2023,15.0,7.48,4.0
2023-11-23,3221.05,-0.0029715382353395,11.2023,15.0,7.48,4.0
2023-11-24,3217.76,-0.0010214060632401,11.2023,15.0,7.48,4.0
2023-11-27,3191.05,-0.0083008055293123,11.2023,15.0,7.48,4.0
2023-11-28,3196.36,0.0016640290813367,11.2023,15.0,7.48,4.0
2023-11-29,3173.52,-0.007145628152023,11.2023,15.0,7.48,4.0
2023-11-30,3165.79,-0.0024357810885073,11.2023,15.0,7.48,4.0
2023-12-01,3142.29,-0.0074231076603312,12.2023,16.0,7.42,4.0
2023-12-04,3114.41,-0.0088725101756999,12.2023,16.0,7.42,4.0
2023-12-05,3129.33,0.004790634502201,12.2023,16.0,7.42,4.0
2023-12-06,3079.5,-0.0159235363480361,12.2023,16.0,7.42,4.0
2023-12-07,3073.63,-0.001906153596363,12.2023,16.0,7.42,4.0
2023-12-08,3079.99,0.0020692145769007,12.2023,16.0,7.42,4.0
2023-12-11,3026.17,-0.0174740827080606,12.2023,16.0,7.42,4.0
2023-12-12,3019.89,-0.0020752304067518,12.2023,16.0,7.42,4.0
2023-12-13,3032.22,0.0040829301729532,12.2023,16.0,7.42,4.0
2023-12-14,3008.84,-0.0077105223235779,12.2023,16.0,7.42,4.0
2023-12-15,3033.89,0.0083254676220734,12.2023,16.0,7.42,4.0
2023-12-18,3076.26,0.0139655689560269,12.2023,16.0,7.42,4.0
2023-12-19,3083.64,0.0023990169881609,12.2023,16.0,7.42,4.0
2023-12-20,3104.66,0.0068166193200243,12.2023,16.0,7.42,4.0
2023-12-21,3073.57,-0.0100139789864267,12.2023,16.0,7.42,4.0
2023-12-22,3092.58,0.0061849900929538,12.2023,16.0,7.42,4.0
2023-12-25,3099.02,0.0020824036888293,12.2023,16.0,7.42,4.0
2023-12-26,3094.72,-0.0013875354144213,12.2023,16.0,7.42,4.0
2023-12-27,3097.49,0.0008950728983558,12.2023,16.0,7.42,4.0
2023-12-28,3101.99,0.0014527891938311,12.2023,16.0,7.42,4.0
2023-12-29,3099.11,-0.0009284362618834,12.2023,16.0,7.42,4.0
2024-01-03,3130.23,0.0100415925862586,1.2024,16.0,7.44,4.0
2024-01-04,3136.07,0.0018656776019654,1.2024,16.0,7.44,4.0
2024-01-05,3136.37,9.5661130012914e-05,1.2024,16.0,7.44,4.0
2024-01-08,3158.58,0.0070814349072334,1.2024,16.0,7.44,4.0
2024-01-09,3155.55,-0.000959291833672,1.2024,16.0,7.44,4.0
2024-01-10,3164.7,0.0028996529923466,1.2024,16.0,7.44,4.0
2024-01-11,3181.25,0.0052295636237242,1.2024,16.0,7.44,4.0
2024-01-12,3185.22,0.0012479371316305,1.2024,16.0,7.44,4.0
2024-01-15,3184.88,-0.0001067430193203,1.2024,16.0,7.44,4.0
2024-01-16,3179.45,-0.0017049307980206,1.2024,16.0,7.44,4.0
2024-01-17,3185.23,0.0018179244837943,1.2024,16.0,7.44,4.0
2024-01-18,3178.85,-0.0020029950741391,1.2024,16.0,7.44,4.0
2024-01-19,3166.37,-0.0039259480629787,1.2024,16.0,7.44,4.0
2024-01-22,3172.15,0.0018254341722541,1.2024,16.0,7.44,4.0
2024-01-23,3175.74,0.0011317245401383,1.2024,16.0,7.44,4.0
2024-01-24,3162.41,-0.0041974468942671,1.2024,16.0,7.44,4.0
2024-01-25,3157.74,-0.0014767218671836,1.2024,16.0,7.44,4.0
2024-01-26,3163.21,0.0017322515469926,1.2024,16.0,7.44,4.0
2024-01-29,3176.61,0.0042362030974865,1.2024,16.0,7.44,4.0
2024-01-30,3196.08,0.0061291754417445,1.2024,16.0,7.44,4.0
2024-01-31,3214.19,0.0056663162373908,1.2024,16.0,7.44,4.0
2024-02-01,3229.89,0.0048845898966769,2.2024,16.0,7.69,4.0
2024-02-02,3226.35,-0.0010960125577031,2.2024,16.0,7.69,4.0
2024-02-05,3226.79,0.000136377020472,2.2024,16.0,7.69,4.0
2024-02-06,3238.4,0.0035980029688948,2.2024,16.0,7.69,4.0
2024-02-07,3256.58,0.0056138833992094,2.2024,16.0,7.69,4.0
2024-02-08,3241.81,-0.0045354328774358,2.2024,16.0,7.69,4.0
2024-02-09,3242.38,0.0001758277011916,2.2024,16.0,7.69,4.0
2024-02-12,3248.5,0.0018875023902193,2.2024,16.0,7.69,4.0
2024-02-13,3254.6,0.0018777897491148,2.2024,16.0,7.69,4.0
2024-02-14,3258.14,0.0010876912677439,2.2024,16.0,7.69,4.0
2024-02-15,3265.63,0.0022988576304272,2.2024,16.0,7.69,4.0
2024-02-16,3242.48,-0.0070889843613637,2.2024,16.0,7.69,4.0
2024-02-19,3244.56,0.0006414842959709,2.2024,16.0,7.69,4.0
2024-02-20,3207.49,-0.0114252780037972,2.2024,16.0,7.69,4.0
2024-02-21,3139.5,-0.0211972601629311,2.2024,16.0,7.69,4.0
2024-02-22,3142.3,0.000891861761427,2.2024,16.0,7.69,4.0
2024-02-26,3213.17,0.0225535435827259,2.2024,16.0,7.69,4.0
2024-02-27,3208.99,-0.0013008959999004,2.2024,16.0,7.69,4.0
2024-02-28,3227.05,0.0056279390088471,2.2024,16.0,7.69,4.0
2024-02-29,3256.8,0.0092189460962799,2.2024,16.0,7.69,4.0
2024-03-01,3266.66,0.0030275116678948,3.2024,16.0,7.72,4.0
2024-03-04,3296.75,0.0092112432882516,3.2024,16.0,7.72,4.0
2024-03-05,3300.89,0.001255782209752,3.2024,16.0,7.72,4.0
2024-03-06,3310.58,0.002935571921512,3.2024,16.0,7.72,4.0
2024-03-07,3315.68,0.0015405155592072,3.2024,16.0,7.72,4.0
2024-03-11,3320.31,0.0013963953095594,3.2024,16.0,7.72,4.0
2024-03-12,3332.6,0.0037014616105122,3.2024,16.0,7.72,4.0
2024-03-13,3320.68,-0.0035767868931164,3.2024,16.0,7.72,4.0
2024-03-14,3297.0,-0.0071310695399736,3.2024,16.0,7.72,4.0
2024-03-15,3300.07,0.0009311495298756,3.2024,16.0,7.72,4.0
2024-03-18,3296.3,-0.0011424000096967,3.2024,16.0,7.72,4.0
2024-03-19,3264.97,-0.0095045960622517,3.2024,16.0,7.72,4.0
2024-03-20,3267.1,0.0006523796543307,3.2024,16.0,7.72,4.0
2024-03-21,3286.69,0.0059961433687367,3.2024,16.0,7.72,4.0
2024-03-22,3273.49,-0.0040161986679608,3.2024,16.0,7.72,4.0
2024-03-25,3281.63,0.0024866426963272,3.2024,16.0,7.72,4.0
2024-03-26,3285.54,0.0011914810627644,3.2024,16.0,7.72,4.0
2024-03-27,3304.09,0.005645951654827,3.2024,16.0,7.72,4.0
2024-03-28,3312.77,0.0026270470840685,3.2024,16.0,7.72,4.0
2024-03-29,3332.53,0.0059647968316545,3.2024,16.0,7.72,4.0
2024-04-01,3363.29,0.0092302244841004,4.2024,16.0,7.84,4.0
2024-04-02,3371.29,0.0023786233122924,4.2024,16.0,7.84,4.0
2024-04-03,3395.59,0.0072079233765116,4.2024,16.0,7.84,4.0
2024-04-04,3407.57,0.0035281055722276,4.2024,16.0,7.84,4.0
2024-04-05,3395.37,-0.0035802639417532,4.2024,16.0,7.84,4.0
2024-04-08,3417.38,0.0064823568565428,4.2024,16.0,7.84,4.0
2024-04-09,3414.26,-0.0009129801192726,4.2024,16.0,7.84,4.0
2024-04-10,3439.11,0.0072782974934539,4.2024,16.0,7.84,4.0
2024-04-11,3439.53,0.0001221246194509,4.2024,16.0,7.84,4.0
2024-04-12,3456.24,0.0048582219082256,4.2024,16.0,7.84,4.0
2024-04-15,3472.19,0.0046148415619287,4.2024,16.0,7.84,4.0
2024-04-16,3462.94,-0.0026640247221494,4.2024,16.0,7.84,4.0
2024-04-17,3454.07,-0.0025614073590648,4.2024,16.0,7.84,4.0
2024-04-18,3455.82,0.0005066486782259,4.2024,16.0,7.84,4.0
2024-04-19,3470.88,0.0043578658610692,4.2024,16.0,7.84,4.0
2024-04-22,3479.17,0.002388443276633,4.2024,16.0,7.84,4.0
2024-04-23,3439.42,-0.0114251387543581,4.2024,16.0,7.84,4.0
2024-04-24,3428.93,-0.0030499328375134,4.2024,16.0,7.84,4.0
2024-04-25,3439.76,0.0031584196819416,4.2024,16.0,7.84,4.0
2024-04-26,3449.77,0.0029100867502382,4.2024,16.0,7.84,4.0
2024-04-27,3465.85,0.0046611803105713,4.2024,16.0,7.84,4.0
2024-04-29,3478.08,0.0035287158994186,4.2024,16.0,7.84,4.0
2024-04-30,3469.83,-0.0023719983439138,4.2024,16.0,7.84,4.0
2024-05-02,3442.83,-0.0077813610465066,5.2024,16.0,8.3,4.0
2024-05-03,3441.77,-0.0003078862447463,5.2024,16.0,8.3,4.0
2024-05-06,3436.05,-0.001661935573847,5.2024,16.0,8.3,4.0
2024-05-07,3427.61,-0.0024563088430028,5.2024,16.0,8.3,4.0
2024-05-08,3432.54,0.0014383199955654,5.2024,16.0,8.3,4.0
2024-05-10,3449.78,0.0050225197667035,5.2024,16.0,8.3,4.0
2024-05-13,3457.11,0.0021247731739415,5.2024,16.0,8.3,4.0
2024-05-14,3463.93,0.0019727460219662,5.2024,16.0,8.3,4.0
2024-05-15,3470.72,0.0019602012742752,5.2024,16.0,8.3,4.0
2024-05-16,3486.26,0.0044774571270516,5.2024,16.0,8.3,4.0
2024-05-17,3501.89,0.0044833144974842,5.2024,16.0,8.3,4.0
2024-05-20,3468.09,-0.0096519308145029,5.2024,16.0,8.3,4.0
2024-05-21,3428.38,-0.0114501065427944,5.2024,16.0,8.3,4.0
2024-05-22,3444.64,0.004742764804368,5.2024,16.0,8.3,4.0
2024-05-23,3442.79,-0.0005370662826884,5.2024,16.0,8.3,4.0
2024-05-24,3396.5,-0.0134454904307261,5.2024,16.0,8.3,4.0
2024-05-27,3299.22,-0.0286412483438834,5.2024,16.0,8.3,4.0
2024-05-28,3302.91,0.0011184461781876,5.2024,16.0,8.3,4.0
2024-05-29,3318.03,0.0045777814109377,5.2024,16.0,8.3,4.0
2024-05-30,3282.18,-0.0108046039366733,5.2024,16.0,8.3,4.0
2024-05-31,3217.19,-0.0198008640598625,5.2024,16.0,8.3,4.0
2024-06-03,3141.42,-0.0235516087020039,6.2024,16.0,8.59,4.0
2024-06-04,3186.93,0.0144870790916209,6.2024,16.0,8.59,4.0
2024-06-05,3212.24,0.0079418123397752,6.2024,16.0,8.59,4.0
2024-06-06,3192.38,-0.0061826015490746,6.2024,16.0,8.59,4.0
2024-06-07,3233.22,0.012792963243724,6.2024,16.0,8.59,4.0
2024-06-10,3180.94,-0.0161696389357977,6.2024,16.0,8.59,4.0
2024-06-11,3171.1,-0.0030934252139305,6.2024,16.0,8.59,4.0
2024-06-13,3171.69,0.0001860553120369,6.2024,16.0,8.59,4.0
2024-06-14,3215.91,0.0139420939625245,6.2024,16.0,8.59,4.0
2024-06-17,3183.68,-0.0100220466368773,6.2024,16.0,8.59,4.0
2024-06-18,3114.15,-0.0218395064830635,6.2024,16.0,8.59,4.0
2024-06-19,3027.47,-0.0278342404829569,6.2024,16.0,8.59,4.0
2024-06-20,3123.43,0.0316964329952071,6.2024,16.0,8.59,4.0
2024-06-21,3114.35,-0.0029070605071988,6.2024,16.0,8.59,4.0
2024-06-24,3098.05,-0.0052338369162103,6.2024,16.0,8.59,4.0
2024-06-25,3111.39,0.0043059343780764,6.2024,16.0,8.59,4.0
2024-06-26,3151.7,0.0129556243351043,6.2024,16.0,8.59,4.0
2024-06-27,3150.32,-0.0004378589332739,6.2024,16.0,8.59,4.0
2024-06-28,3154.36,0.0012824094060286,6.2024,16.0,8.59,4.0
2024-07-01,3186.19,0.0100907949631621,7.2024,18.0,9.13,4.0
2024-07-02,3217.29,0.0097608742730346,7.2024,18.0,9.13,4.0
2024-07-03,3203.07,-0.0044198688958719,7.2024,18.0,9.13,4.0
2024-07-04,3133.81,-0.0216230054291665,7.2024,18.0,9.13,4.0
2024-07-05,3149.29,0.0049396740708593,7.2024,18.0,9.13,4.0
2024-07-08,3132.58,-0.0053059578508172,7.2024,18.0,9.13,4.0
2024-07-09,3054.07,-0.0250624086216472,7.2024,18.0,9.13,4.0
2024-07-10,2975.75,-0.0256444678740173,7.2024,18.0,9.13,4.0
2024-07-11,2992.21,0.0055313786440394,7.2024,18.0,9.13,4.0
2024-07-12,2973.21,-0.0063498217036905,7.2024,18.0,9.13,4.0
2024-07-15,2913.48,-0.0200893983270606,7.2024,18.0,9.13,4.0
2024-07-16,2944.86,0.0107706248198031,7.2024,18.0,9.13,4.0
2024-07-17,2947.24,0.0008081878255672,7.2024,18.0,9.13,4.0
2024-07-18,2980.62,0.0113258506263487,7.2024,18.0,9.13,4.0
2024-07-19,3008.24,0.0092665284403916,7.2024,18.0,9.13,4.0
2024-07-22,3024.54,0.0054184506555328,7.2024,18.0,9.13,4.0
2024-07-23,3028.01,0.0011472819007187,7.2024,18.0,9.13,4.0
2024-07-24,3051.76,0.0078434351273608,7.2024,18.0,9.13,4.0
2024-07-25,3041.37,-0.003404592759588,7.2024,18.0,9.13,4.0
2024-07-26,2993.23,-0.0158283931254664,7.2024,18.0,9.13,4.0
2024-07-29,2906.95,-0.0288250485261741,7.2024,18.0,9.13,4.0
2024-07-30,2944.78,0.0130136397254856,7.2024,18.0,9.13,4.0
2024-07-31,2942.68,-0.0007131262776847,7.2024,18.0,9.13,4.0
2024-08-01,2935.69,-0.0023753857028286,8.2024,18.0,9.05,4.0
2024-08-02,2899.0,-0.0124979136080444,8.2024,18.0,9.05,4.0
2024-08-05,2828.72,-0.0242428423594343,8.2024,18.0,9.05,4.0
2024-08-06,2830.75,0.0007176390735033,8.2024,18.0,9.05,4.0
2024-08-07,2874.94,0.0156107038770643,8.2024,18.0,9.05,4.0
2024-08-08,2852.51,-0.0078019019527363,8.2024,18.0,9.05,4.0
2024-08-09,2848.29,-0.0014793988452276,8.2024,18.0,9.05,4.0
2024-08-12,2844.77,-0.0012358292168282,8.2024,18.0,9.05,4.0
2024-08-13,2884.6,0.0140011319017003,8.2024,18.0,9.05,4.0
2024-08-14,2871.11,-0.0046765582749773,8.2024,18.0,9.05,4.0
2024-08-15,2838.11,-0.0114938124976055,8.2024,18.0,9.05,4.0
2024-08-16,2828.2,-0.0034917603616492,8.2024,18.0,9.05,4.0
2024-08-19,2775.64,-0.018584258539,8.2024,18.0,9.05,4.0
2024-08-20,2768.42,-0.0026012018849705,8.2024,18.0,9.05,4.0
2024-08-21,2768.14,-0.0001011407228672,8.2024,18.0,9.05,4.0
2024-08-22,2725.75,-0.0153135318300374,8.2024,18.0,9.05,4.0
2024-08-23,2662.47,-0.0232156287260387,8.2024,18.0,9.05,4.0
2024-08-26,2763.75,0.0380398652379183,8.2024,18.0,9.05,4.0
2024-08-27,2730.38,-0.0120741745816371,8.2024,18.0,9.05,4.0
2024-08-28,2699.98,-0.0111339813505813,8.2024,18.0,9.05,4.0
2024-08-29,2708.27,0.003070393114023,8.2024,18.0,9.05,4.0
2024-08-30,2650.32,-0.0213974234474405,8.2024,18.0,9.05,4.0
2024-09-02,2545.07,-0.0397121856983307,9.2024,19.0,8.63,4.0
2024-09-03,2524.38,-0.008129442412193,9.2024,19.0,8.63,4.0
2024-09-04,2605.15,0.0319959752493681,9.2024,19.0,8.63,4.0
2024-09-05,2621.62,0.0063220927777669,9.2024,19.0,8.63,4.0
2024-09-06,2623.37,0.0006675261860986,9.2024,19.0,8.63,4.0
2024-09-09,2703.17,0.0304188886813527,9.2024,19.0,8.63,4.0
2024-09-10,2671.38,-0.0117602666498962,9.2024,19.0,8.63,4.0
2024-09-11,2668.03,-0.0012540334957961,9.2024,19.0,8.63,4.0
2024-09-12,2615.0,-0.0198760883498312,9.2024,19.0,8.63,4.0
2024-09-13,2678.99,0.0244703632887188,9.2024,19.0,8.63,4.0
2024-09-16,2744.2,0.0243412629386448,9.2024,19.0,8.63,4.0
2024-09-17,2774.04,0.0108738430143575,9.2024,19.0,8.63,4.0
2024-09-18,2751.73,-0.0080424218828856,9.2024,19.0,8.63,4.0
2024-09-19,2758.91,0.0026092676243671,9.2024,19.0,8.63,4.0
2024-09-20,2782.35,0.0084961089705717,9.2024,19.0,8.63,4.0
2024-09-23,2819.87,0.0134850036839362,9.2024,19.0,8.63,4.0
2024-09-24,2871.96,0.0184724827740285,9.2024,19.0,8.63,4.0
2024-09-25,2830.11,-0.0145719299711695,9.2024,19.0,8.63,4.0
2024-09-26,2829.65,-0.0001625378518855,9.2024,19.0,8.63,4.0
2024-09-27,2858.56,0.0102168112664109,9.2024,19.0,8.63,4.0
2024-09-30,2857.56,-0.0003498264860629,9.2024,19.0,8.63,4.0
2024-10-01,2814.19,-0.0151772841165189,10.2024,21.0,8.54,4.0
2024-10-02,2766.79,-0.0168432124341284,10.2024,21.0,8.54,4.0
2024-10-03,2782.39,0.0056383028708357,10.2024,21.0,8.54,4.0
2024-10-04,2804.62,0.0079895341774518,10.2024,21.0,8.54,4.0
2024-10-07,2793.84,-0.0038436579643587,10.2024,21.0,8.54,4.0
2024-10-08,2788.37,-0.0019578787618476,10.2024,21.0,8.54,4.0
2024-10-09,2748.81,-0.0141875002241452,10.2024,21.0,8.54,4.0
2024-10-10,2761.54,0.0046310949101611,10.2024,21.0,8.54,4.0
2024-10-11,2754.52,-0.0025420598651476,10.2024,21.0,8.54,4.0
2024-10-14,2773.36,0.006839667165241,10.2024,21.0,8.54,4.0
2024-10-15,2805.79,0.0116933971788733,10.2024,21.0,8.54,4.0
2024-10-16,2783.46,-0.0079585428702789,10.2024,21.0,8.54,4.0
2024-10-17,2763.53,-0.0071601531906332,10.2024,21.0,8.54,4.0
2024-10-18,2751.9,-0.0042083856516846,10.2024,21.0,8.54,4.0
2024-10-21,2767.71,0.005745121552382,10.2024,21.0,8.54,4.0
2024-10-22,2755.19,-0.0045235953188736,10.2024,21.0,8.54,4.0
2024-10-23,2734.93,-0.0073533948656899,10.2024,21.0,8.54,4.0
2024-10-24,2718.42,-0.0060367175759524,10.2024,21.0,8.54,4.0
2024-10-25,2660.36,-0.0213579947175197,10.2024,21.0,8.54,4.0
2024-10-28,2575.06,-0.0320633297749177,10.2024,21.0,8.54,4.0
2024-10-29,2599.66,0.0095531754599893,10.2024,21.0,8.54,4.0
2024-10-30,2615.38,0.0060469446004478,10.2024,21.0,8.54,4.0
2024-10-31,2560.2,-0.0210982725263634,10.2024,21.0,8.54,4.0
2024-11-01,2574.71,0.0056675259745333,11.2024,21.0,8.88,4.0
2024-11-02,2594.38,0.00763969534433,11.2024,21.0,8.88,4.0
2024-11-05,2616.51,0.0085299763334592,11.2024,21.0,8.88,4.0
2024-11-06,2662.87,0.0177182582906236,11.2024,21.0,8.88,4.0
2024-11-07,2690.63,0.0104248423693233,11.2024,21.0,8.88,4.0
2024-11-08,2734.56,0.0163270312157375,11.2024,21.0,8.88,4.0
2024-11-11,2785.31,0.018558744368381,11.2024,21.0,8.88,4.0
2024-11-12,2756.76,-0.0102502055426504,11.2024,21.0,8.88,4.0
2024-11-13,2763.99,0.0026226439733598,11.2024,21.0,8.88,4.0
2024-11-14,2697.47,-0.0240666572599755,11.2024,21.0,8.88,4.0
2024-11-15,2739.21,0.015473758744305,11.2024,21.0,8.88,4.0
2024-11-18,2720.77,-0.0067318679473279,11.2024,21.0,8.88,4.0
2024-11-19,2630.51,-0.0331744322379325,11.2024,21.0,8.88,4.0
2024-11-20,2596.89,-0.0127807915575307,11.2024,21.0,8.88,4.0
2024-11-21,2568.6,-0.0108937998914085,11.2024,21.0,8.88,4.0
2024-11-22,2581.05,0.0048469983648682,11.2024,21.0,8.88,4.0
2024-11-25,2530.69,-0.0195114391429844,11.2024,21.0,8.88,4.0
2024-11-26,2464.35,-0.0262141945477321,11.2024,21.0,8.88,4.0
2024-11-27,2491.88,0.0111713027776088,11.2024,21.0,8.88,4.0
2024-11-28,2547.88,0.0224729922789219,11.2024,21.0,8.88,4.0
2024-11-29,2578.0,0.0118215928536664,11.2024,21.0,8.88,4.0
2024-12-02,2586.74,0.003390224980605,12.2024,21.0,9.52,4.0
2024-12-03,2539.64,-0.018208246673419,12.2024,21.0,9.52,4.0
2024-12-04,2485.62,-0.0212707312847489,12.2024,21.0,9.52,4.0
2024-12-05,2510.83,0.0101423387323886,12.2024,21.0,9.52,4.0
2024-12-06,2536.23,0.0101161767224384,12.2024,21.0,9.52,4.0
2024-12-09,2572.89,0.0144545250233614,12.2024,21.0,9.52,4.0
2024-12-10,2522.75,-0.0194878133149881,12.2024,21.0,9.52,4.0
2024-12-11,2512.54,-0.0040471707462095,12.2024,21.0,9.52,4.0
2024-12-12,2492.63,-0.0079242519522076,12.2024,21.0,9.52,4.0
2024-12-13,2485.2,-0.0029807873611407,12.2024,21.0,9.52,4.0
2024-12-16,2420.3,-0.026114598422662,12.2024,21.0,9.52,4.0
2024-12-17,2377.15,-0.0178283683840846,12.2024,21.0,9.52,4.0
2024-12-18,2409.35,0.0135456323749025,12.2024,21.0,9.52,4.0
2024-12-19,2416.45,0.0029468528856331,12.2024,21.0,9.52,4.0
2024-12-20,2638.42,0.0918578907074427,12.2024,21.0,9.52,4.0
2024-12-23,2702.48,0.0242796825372759,12.2024,21.0,9.52,4.0
2024-12-24,2690.96,-0.004262751250703,12.2024,21.0,9.52,4.0
2024-12-25,2732.83,0.0155595029283228,12.2024,21.0,9.52,4.0
2024-12-26,2766.57,0.0123461759421552,12.2024,21.0,9.52,4.0
2024-12-27,2757.45,-0.0032965007211096,12.2024,21.0,9.52,4.0
2024-12-28,2786.67,0.0105967469945058,12.2024,21.0,9.52,4.0
2024-12-30,2883.04,0.0345824945185471,12.2024,21.0,9.52,4.0
2025-01-03,2828.5,-0.0189175314945335,1.2025,21.0,9.92,4.0
2025-01-06,2816.26,-0.004327382004596,1.2025,21.0,9.92,4.0
2025-01-08,2840.79,0.0087101332973518,1.2025,21.0,9.92,4.0
2025-01-09,2773.12,-0.0238208385695528,1.2025,21.0,9.92,4.0
2025-01-10,2824.59,0.0185603219478422,1.2025,21.0,9.92,4.0
2025-01-13,2866.11,0.0146994785083853,1.2025,21.0,9.92,4.0
2025-01-14,2859.51,-0.0023027727477311,1.2025,21.0,9.92,4.0
2025-01-15,2842.96,-0.0057877048865015,1.2025,21.0,9.92,4.0
2025-01-16,2911.29,0.0240348087908377,1.2025,21.0,9.92,4.0
2025-01-17,2945.52,0.0117576744329832,1.2025,21.0,9.92,4.0
2025-01-20,2929.55,-0.0054217930959558,1.2025,21.0,9.92,4.0
2025-01-21,2934.71,0.001761362666621,1.2025,21.0,9.92,4.0
2025-01-22,2972.62,0.0129178010774488,1.2025,21.0,9.92,4.0
2025-01-23,2926.1,-0.0156494943854242,1.2025,21.0,9.92,4.0
2025-01-24,2947.94,0.0074638597450531,1.2025,21.0,9.92,4.0
2025-01-27,2891.39,-0.0191828870329789,1.2025,21.0,9.92,4.0
2025-01-28,2931.97,0.0140347722029887,1.2025,21.0,9.92,4.0
2025-01-29,2950.68,0.0063813749799623,1.2025,21.0,9.92,4.0
2025-01-30,2967.47,0.00569021378123,1.2025,21.0,9.92,4.0
2025-01-31,2948.1,-0.0065274459387962,1.2025,21.0,9.92,4.0
2025-02-03,2926.17,-0.007438689325328,2.2025,21.0,10.06,4.0
2025-02-04,2917.71,-0.0028911512318149,2.2025,21.0,10.06,4.0
2025-02-05,2930.56,0.0044041388623268,2.2025,21.0,10.06,4.0
2025-02-06,2970.12,0.0134991264468224,2.2025,21.0,10.06,4.0
2025-02-07,2966.53,-0.0012087053721734,2.2025,21.0,10.06,4.0
2025-02-10,3012.39,0.0154591391288811,2.2025,21.0,10.06,4.0
2025-02-11,3018.02,0.001868947911791,2.2025,21.0,10.06,4.0
2025-02-12,3025.63,0.0025215207321356,2.2025,21.0,10.06,4.0
2025-02-13,3206.97,0.0599346251854984,2.2025,21.0,10.06,4.0
2025-02-14,3185.0,-0.0068507033118487,2.2025,21.0,10.06,4.0
2025-02-17,3308.41,0.0387472527472527,2.2025,21.0,10.06,4.0
2025-02-18,3258.76,-0.0150072089009523,2.2025,21.0,10.06,4.0
2025-02-19,3270.64,0.003645558433269,2.2025,21.0,10.06,4.0
2025-02-20,3292.62,0.0067203972311229,2.2025,21.0,10.06,4.0
2025-02-21,3283.29,-0.0028336097089854,2.2025,21.0,10.06,4.0
2025-02-24,3303.63,0.0061950056193635,2.2025,21.0,10.06,4.0
2025-02-25,3326.14,0.0068137170324762,2.2025,21.0,10.06,4.0
2025-02-26,3276.0,-0.0150745308375473,2.2025,21.0,10.06,4.0
2025-02-27,3232.65,-0.0132326007326006,2.2025,21.0,10.06,4.0
2025-02-28,3200.48,-0.0099515877066802,2.2025,21.0,10.06,4.0
2025-03-03,3145.73,-0.0171068089786532,3.2025,21.0,10.34,4.0
2025-03-04,3241.63,0.0304857695987894,3.2025,21.0,10.34,4.0
2025-03-05,3263.62,0.006783624287781,3.2025,21.0,10.34,4.0
2025-03-06,3207.7,-0.0171343477488188,3.2025,21.0,10.34,4.0
2025-03-07,3166.88,-0.0127256289553261,3.2025,21.0,10.34,4.0
2025-03-10,3200.81,0.0107140150558278,3.2025,21.0,10.34,4.0
2025-03-11,3200.95,4.373892858366979e-05,3.2025,21.0,10.34,4.0
2025-03-12,3183.97,-0.0053046751745575,3.2025,21.0,10.34,4.0
2025-03-13,3121.57,-0.0195981746059163,3.2025,21.0,10.34,4.0
2025-03-14,3195.08,0.0235490474344639,3.2025,21.0,10.34,4.0
2025-03-17,3245.19,0.0156834883633587,3.2025,21.0,10.34,4.0
2025-03-18,3257.49,0.0037902249174932,3.2025,21.0,10.34,4.0
2025-03-19,3229.79,-0.0085034796729996,3.2025,21.0,10.34,4.0
2025-03-20,3223.14,-0.0020589573935148,3.2025,21.0,10.34,4.0
2025-03-21,3191.61,-0.0097823861203669,3.2025,21.0,10.34,4.0
2025-03-24,3178.66,-0.0040575132926642,3.2025,21.0,10.34,4.0
2025-03-25,3164.62,-0.0044169555724739,3.2025,21.0,10.34,4.0
2025-03-26,3146.31,-0.0057858447459726,3.2025,21.0,10.34,4.0
2025-03-27,3083.99,-0.0198073298562443,3.2025,21.0,10.34,4.0
2025-03-28,3025.65,-0.0189170522602212,3.2025,21.0,10.34,4.0
2025-03-31,3013.36,-0.0040619371044238,3.2025,21.0,10.34,4.0
2025-04-01,2964.43,-0.0162376881620517,4.2025,21.0,10.23,4.0
2025-04-02,2926.39,-0.0128321464834723,4.2025,21.0,10.23,4.0
2025-04-03,2859.58,-0.022830176428979,4.2025,21.0,10.23,4.0
2025-04-04,2781.97,-0.0271403492820624,4.2025,21.0,10.23,4.0
2025-04-07,2729.89,-0.0187205469505422,4.2025,21.0,10.23,4.0
2025-04-08,2746.41,0.0060515258856583,4.2025,21.0,10.23,4.0
2025-04-09,2650.69,-0.0348527714361657,4.2025,21.0,10.23,4.0
2025-04-10,2764.28,0.0428529929942769,4.2025,21.0,10.23,4.0
2025-04-11,2829.92,0.0237457855210037,4.2025,21.0,10.23,4.0
2025-04-14,2819.69,-0.0036149431786057,4.2025,21.0,10.23,4.0
2025-04-15,2805.55,-0.0050147356624309,4.2025,21.0,10.23,4.0
2025-04-16,2861.83,0.0200602377430449,4.2025,21.0,10.23,4.0
2025-04-17,2865.32,0.001219499411216,4.2025,21.0,10.23,4.0
2025-04-18,2872.77,0.0026000586321945,4.2025,21.0,10.23,4.0
2025-04-21,2922.46,0.0172968946347951,4.2025,21.0,10.23,4.0
2025-04-22,2954.49,0.010959944704119,4.2025,21.0,10.23,4.0
2025-04-23,2943.23,-0.0038111484554016,4.2025,21.0,10.23,4.0
2025-04-24,2944.43,0.0004077153331543,4.2025,21.0,10.23,4.0
2025-04-25,3006.14,0.0209582160214369,4.2025,21.0,10.23,4.0
2025-04-28,3034.3,0.0093674945278663,4.2025,21.0,10.23,4.0
2025-04-29,2957.66,-0.0252578848498831,4.2025,21.0,10.23,4.0
2025-04-30,2918.47,-0.0132503397956492,4.2025,21.0,10.23,4.0
2025-05-02,2836.7,-0.0280181053771325,5.2025,21.0,9.88,4.0
2025-05-05,2738.8,-0.0345119328797545,5.2025,21.0,9.88,4.0
2025-05-06,2820.07,0.0296735796699283,5.2025,21.0,9.88,4.0
2025-05-07,2833.09,0.0046169066725294,5.2025,21.0,9.88,4.0
2025-05-08,2850.93,0.0062970113903899,5.2025,21.0,9.88,4.0
2025-05-12,2930.17,0.0277944390076221,5.2025,21.0,9.88,4.0
2025-05-13,2935.53,0.001829245402144,5.2025,21.0,9.88,4.0
2025-05-14,2924.21,-0.0038562031387858,5.2025,21.0,9.88,4.0
2025-05-15,2840.05,-0.0287804227466562,5.2025,21.0,9.88,4.0
2025-05-16,2840.34,0.0001021108783296,5.2025,21.0,9.88,4.0
2025-05-19,2882.63,0.0148890625770155,5.2025,21.0,9.88,4.0
2025-05-20,2823.42,-0.0205402705168543,5.2025,21.0,9.88,4.0
2025-05-21,2809.58,-0.0049018566136105,5.2025,21.0,9.88,4.0
2025-05-22,2792.16,-0.0062002149787513,5.2025,21.0,9.88,4.0
2025-05-23,2770.1,-0.0079006933700074,5.2025,21.0,9.88,4.0
2025-05-26,2699.84,-0.0253637052813977,5.2025,21.0,9.88,4.0
2025-05-27,2736.75,0.0136711805144007,5.2025,21.0,9.88,4.0
2025-05-28,2785.2,0.0177034804055904,5.2025,21.0,9.88,4.0
2025-05-29,2809.94,0.0088826655177367,5.2025,21.0,9.88,4.0
2025-05-30,2828.83,0.0067225634711061,5.2025,21.0,9.88,4.0
2025-06-02,2829.67,0.0002969425522212,6.2025,20.0,9.4,4.0
2025-06-03,2834.06,0.0015514176564757,6.2025,20.0,9.4,4.0
2025-06-04,2836.64,0.0009103547560742,6.2025,20.0,9.4,4.0
2025-06-05,2856.61,0.0070400191776187,6.2025,20.0,9.4,4.0
2025-06-06,2786.16,-0.0246620994815534,6.2025,20.0,9.4,4.0
2025-06-09,2737.76,-0.0173715795216353,6.2025,20.0,9.4,4.0
2025-06-10,2722.37,-0.0056213839050903,6.2025,20.0,9.4,4.0
2025-06-11,2733.2,0.0039781513901488,6.2025,20.0,9.4,4.0
2025-06-13,2750.32,0.0062637201814723,6.2025,20.0,9.4,4.0
2025-06-16,2737.83,-0.0045412897408302,6.2025,20.0,9.4,4.0
2025-06-17,2788.94,0.0186680692373157,6.2025,20.0,9.4,4.0
2025-06-18,2791.83,0.0010362359893005,6.2025,20.0,9.4,4.0
2025-06-19,2783.81,-0.0028726677483944,6.2025,20.0,9.4,4.0
2025-06-20,2751.04,-0.0117716367137125,6.2025,20.0,9.4,4.0
2025-06-23,2759.67,0.0031369954635338,6.2025,20.0,9.4,4.0
2025-06-24,2744.95,-0.0053339710907464,6.2025,20.0,9.4,4.0
2025-06-25,2790.78,0.0166961146833277,6.2025,20.0,9.4,4.0
2025-06-26,2797.27,0.0023255147306486,6.2025,20.0,9.4,4.0
2025-06-27,2806.11,0.0031602240756165,6.2025,20.0,9.4,4.0
2025-06-30,2847.38,0.0147071925191812,6.2025,20.0,9.4,4.0
2025-07-01,2848.44,0.0003722720536072,7.2025,18.0,8.79,4.0
2025-07-02,2815.26,-0.0116484812739604,7.2025,18.0,8.79,4.0
2025-07-03,2823.34,0.0028700723911823,7.2025,18.0,8.79,4.0
2025-07-04,2801.65,-0.0076823903603533,7.2025,18.0,8.79,4.0
2025-07-07,2756.14,-0.0162439990719754,7.2025,18.0,8.79,4.0
2025-07-08,2755.58,-0.0002031827120537,7.2025,18.0,8.79,4.0
2025-07-09,2696.45,-0.021458277386249,7.2025,18.0,8.79,4.0
2025-07-10,2732.45,0.013350887277717,7.2025,18.0,8.79,4.0
2025-07-11,2642.02,-0.0330948416256472,7.2025,18.0,8.79,4.0
2025-07-14,2714.14,0.0272972952513605,7.2025,18.0,8.79,4.0
2025-07-15,2756.95,0.0157729520216347,7.2025,18.0,8.79,4.0
2025-07-16,2777.16,0.0073305645731696,7.2025,18.0,8.79,4.0
2025-07-17,2761.48,-0.0056460556827837,7.2025,18.0,8.79,4.0
2025-07-18,2784.63,0.0083831858278893,7.2025,18.0,8.79,4.0
2025-07-21,2821.78,0.0133410901986978,7.2025,18.0,8.79,4.0
2025-07-22,2825.61,0.0013572992933537,7.2025,18.0,8.79,4.0
2025-07-23,2841.16,0.0055032364692932,7.2025,18.0,8.79,4.0
2025-07-24,2807.69,-0.0117803995551112,7.2025,18.0,8.79,4.0
2025-07-25,2772.39,-0.0125726130733806,7.2025,18.0,8.79,4.0
2025-07-28,2730.98,-0.0149365709730593,7.2025,18.0,8.79,4.0
2025-07-29,2758.28,0.0099964115445738,7.2025,18.0,8.79,4.0
2025-07-30,2726.24,-0.0116159345679193,7.2025,18.0,8.79,4.0
2025-07-31,2732.12,0.0021568167145959,7.2025,18.0,8.79,4.0
2025-08-01,2727.98,-0.0015153067947234,8.2025,18.0,8.14,4.0
2025-08-04,2773.85,0.0168146394035146,8.2025,18.0,8.14,4.0
2025-08-05,2786.37,0.0045135822052382,8.2025,18.0,8.14,4.0
2025-08-06,2764.62,-0.007805854929532,8.2025,18.0,8.14,4.0
2025-08-07,2876.43,0.0404431712134036,8.2025,18.0,8.14,4.0
2025-08-08,2924.63,0.0167568826635795,8.2025,18.0,8.14,4.0
2025-08-11,2964.15,0.0135128204251477,8.2025,18.0,8.14,4.0
2025-08-12,2977.18,0.004395863907022,8.2025,18.0,8.14,4.0
2025-08-13,2973.02,-0.0013972954272163,8.2025,18.0,8.14,4.0
2025-08-14,2977.34,0.0014530679241984,8.2025,18.0,8.14,4.0
2025-08-15,3012.09,0.0116714920029288,8.2025,18.0,8.14,4.0
2025-08-18,2951.26,-0.0201952796895178,8.2025,18.0,8.14,4.0
2025-08-19,2965.66,0.0048792719042034,8.2025,18.0,8.14,4.0
2025-08-20,2940.78,-0.0083893635817995,8.2025,18.0,8.14,4.0
2025-08-21,2883.5,-0.0194778256108923,8.2025,18.0,8.14,4.0
2025-08-22,2896.76,0.004598578116872,8.2025,18.0,8.14,4.0
2025-08-25,2887.24,-0.0032864303566745,8.2025,18.0,8.14,4.0
2025-08-26,2885.87,-0.000474501600144,8.2025,18.0,8.14,4.0
2025-08-27,2911.48,0.0088742736159286,8.2025,18.0,8.14,4.0
2025-08-28,2912.72,0.0004259002294364,8.2025,18.0,8.14,4.0
2025-08-29,2899.38,-0.0045799115603283,8.2025,18.0,8.14,4.0
2025-09-01,2886.97,-0.0042802254275052,9.2025,17.0,7.98,4.0
2025-09-02,2845.39,-0.0144026436021157,9.2025,17.0,7.98,4.0
2025-09-03,2867.55,0.0077880360864417,9.2025,17.0,7.98,4.0
2025-09-04,2873.7,0.0021446879740543,9.2025,17.0,7.98,4.0
2025-09-05,2901.45,0.0096565403486794,9.2025,17.0,7.98,4.0
2025-09-08,2921.62,0.0069516965655103,9.2025,17.0,7.98,4.0
2025-09-09,2935.96,0.0049082358417591,9.2025,17.0,7.98,4.0
2025-09-10,2914.26,-0.007391108870693,9.2025,17.0,7.98,4.0
2025-09-11,2908.14,-0.0021000185295754,9.2025,17.0,7.98,4.0
2025-09-12,2839.73,-0.0235236267855054,9.2025,17.0,7.98,4.0
2025-09-15,2809.85,-0.010522127103633,9.2025,17.0,7.98,4.0
2025-09-16,2802.77,-0.0025197074576934,9.2025,17.0,7.98,4.0
2025-09-17,2814.04,0.0040210220603189,9.2025,17.0,7.98,4.0
2025-09-18,2793.58,-0.0072706855623942,9.2025,17.0,7.98,4.0
2025-09-19,2748.06,-0.016294503826631,9.2025,17.0,7.98,4.0
2025-09-22,2741.06,-0.0025472515156146,9.2025,17.0,7.98,4.0
2025-09-23,2758.65,0.0064172254529271,9.2025,17.0,7.98,4.0
2025-09-24,2723.58,-0.0127127399271382,9.2025,17.0,7.98,4.0
2025-09-25,2708.68,-0.0054707407162631,9.2025,17.0,7.98,4.0
2025-09-26,2725.97,0.006383182952582,9.2025,17.0,7.98,4.0
2025-09-29,2684.09,-0.0153633385547161,9.2025,17.0,7.98,4.0
2025-09-30,2684.6,0.0001900085317556,9.2025,17.0,7.98,4.0
2025-10-01,2647.25,-0.013912687178723,10.2025,16.5,7.71,4.0
2025-10-02,2632.07,-0.0057342525262064,10.2025,16.5,7.71,4.0
2025-10-03,2604.55,-0.0104556489759011,10.2025,16.5,7.71,4.0
2025-10-06,2648.5,0.0168743161006699,10.2025,16.5,7.71,4.0
2025-10-07,2668.6,0.0075892014347742,10.2025,16.5,7.71,4.0
2025-10-08,2562.51,-0.0397549276774337,10.2025,16.5,7.71,4.0
2025-10-09,2638.37,0.0296037869120509,10.2025,16.5,7.71,4.0
2025-10-10,2588.56,-0.0188790806444888,10.2025,16.5,7.71,4.0
2025-10-13,2576.38,-0.0047053187872793,10.2025,16.5,7.71,4.0
2025-10-14,2541.49,-0.0135422569651993,10.2025,16.5,7.71,4.0
2025-10-15,2545.22,0.0014676429968247,10.2025,16.5,7.71,4.0
2025-10-16,2607.78,0.0245794076739929,10.2025,16.5,7.71,4.0
2025-10-17,2721.14,0.0434699246102048,10.2025,16.5,7.71,4.0
2025-10-20,2744.83,0.0087059100230051,10.2025,16.5,7.71,4.0
2025-10-21,2632.42,-0.0409533559455411,10.2025,16.5,7.71,4.0
2025-10-22,2653.0,0.0078179013987129,10.2025,16.5,7.71,4.0
2025-10-23,2570.67,-0.0310327930644552,10.2025,16.5,7.71,4.0
2025-10-24,2543.93,-0.0104019574663415,10.2025,16.5,7.71,4.0
2025-10-27,2476.79,-0.0263922356354144,10.2025,16.5,7.71,4.0
2025-10-28,2495.09,0.0073885957226895,10.2025,16.5,7.71,4.0
2025-10-29,2523.35,0.0113262447446784,10.2025,16.5,7.71,4.0
2025-10-30,2557.48,0.0135256702399588,10.2025,16.5,7.71,4.0
2025-10-31,2525.2,-0.0126217995839655,10.2025,16.5,7.71,4.0
2025-11-01,2532.66,0.0029542214478062,11.2025,16.5,6.64,4.0
2025-11-03,2570.96,0.0151224404381165,11.2025,16.5,6.64,4.0
2025-11-05,2546.62,-0.0094672807044839,11.2025,16.5,6.64,4.0
2025-11-06,2542.7,-0.0015392952226873,11.2025,16.5,6.64,4.0
2025-11-07,2566.42,0.0093286663782594,11.2025,16.5,6.64,4.0
2025-11-10,2558.6,-0.0030470460797531,11.2025,16.5,6.64,4.0
2025-11-11,2566.17,0.0029586492613149,11.2025,16.5,6.64,4.0
2025-11-12,2536.22,-0.0116710896004552,11.2025,16.5,6.64,4.0
2025-11-13,2543.36,0.0028152131912848,11.2025,16.5,6.64,4.0
2025-11-14,2525.68,-0.0069514343231003,11.2025,16.5,6.64,4.0
2025-11-17,2510.64,-0.0059548319660447,11.2025,16.5,6.64,4.0
2025-11-18,2563.07,0.0208831214351721,11.2025,16.5,6.64,4.0
2025-11-19,2646.02,0.0323635327946563,11.2025,16.5,6.64,4.0
2025-11-20,2628.31,-0.006693071103015,11.2025,16.5,6.64,4.0
2025-11-21,2685.03,0.0215804071818013,11.2025,16.5,6.64,4.0
2025-11-24,2654.84,-0.0112438222291744,11.2025,16.5,6.64,4.0
2025-11-25,2685.95,0.0117182203070616,11.2025,16.5,6.64,4.0
2025-11-26,2668.38,-0.0065414471602225,11.2025,16.5,6.64,4.0
2025-11-27,2621.37,-0.0176174308007106,11.2025,16.5,6.64,4.0
2025-11-28,2676.42,0.0210004692202931,11.2025,16.5,6.64,4.0
2025-12-01,2686.93,0.0039268874093003,12.2025,16.0,5.59,4.0
2025-12-02,2667.2,-0.0073429527378829,12.2025,16.0,5.59,4.0
2025-12-03,2651.71,-0.0058075884823034,12.2025,16.0,5.59,4.0
2025-12-04,2657.13,0.0020439640835536,12.2025,16.0,5.59,4.0
2025-12-05,2711.3,0.0203866577849032,12.2025,16.0,5.59,4.0
2025-12-08,2705.17,-0.0022609080514882,12.2025,16.0,5.59,4.0
2025-12-09,2702.72,-0.0009056732109258,12.2025,16.0,5.59,4.0
2025-12-10,2720.66,0.0066377575183518,12.2025,16.0,5.59,4.0
2025-12-11,2748.93,0.010390861041071,12.2025,16.0,5.59,4.0
2025-12-12,2739.49,-0.0034340634355912,12.2025,16.0,5.59,4.0
2025-12-15,2748.93,0.0034458968640147,12.2025,16.0,5.59,4.0
2025-12-16,2774.23,0.0092035810297097,12.2025,16.0,5.59,4.0
2025-12-17,2759.73,-0.0052266755099613,12.2025,16.0,5.59,4.0
2025-12-18,2753.07,-0.0024132795599568,12.2025,16.0,5.59,4.0
2025-12-19,2743.09,-0.0036250440417424,12.2025,16.0,5.59,4.0
2025-12-22,2715.98,-0.0098830151398605,12.2025,16.0,5.59,4.0
2025-12-23,2725.38,0.0034609975036634,12.2025,16.0,5.59,4.0
2025-12-24,2720.02,-0.0019666982218994,12.2025,16.0,5.59,4.0
2025-12-25,2714.12,-0.0021691016977816,12.2025,16.0,5.59,4.0
2025-12-26,2754.89,0.01502144341444,12.2025,16.0,5.59,4.0
2025-12-29,2742.03,-0.0046680629716612,12.2025,16.0,5.59,4.0
2025-12-30,2766.62,0.0089678085214237,12.2025,16.0,5.59,4.0
2026-01-05,2757.09,-0.0034446364155539,12.2025,16.0,5.59,4.0
2026-01-06,2745.26,-0.0042907558331428,12.2025,16.0,5.59,4.0
2026-01-08,2718.62,-0.0097039988926368,12.2025,16.0,5.59,4.0
2026-01-09,2724.85,0.0022916038284128,12.2025,16.0,5.59,4.0
2026-01-12,2701.93,-0.0084114721911298,12.2025,16.0,5.59,4.0
2026-01-13,2696.92,-0.0018542301243924,12.2025,16.0,5.59,4.0
2026-01-14,2702.69,0.0021394776263292,12.2025,16.0,5.59,4.0
2026-01-15,2701.32,-0.0005069023824411,12.2025,16.0,5.59,4.0
2026-01-16,2733.75,0.0120052418817466,12.2025,16.0,5.59,4.0
2026-01-19,2750.25,0.0060356652949244,12.2025,16.0,5.59,4.0
2026-01-20,2738.07,-0.0044286883010634,12.2025,16.0,5.59,4.0
2026-01-21,2770.53,0.0118550657945195,12.2025,16.0,5.59,4.0
2026-01-22,2768.02,-0.0009059638408536,12.2025,16.0,5.59,4.0
2026-01-23,2777.29,0.0033489642415878,12.2025,16.0,5.59,4.0
2026-01-26,2768.15,-0.0032909778957184,12.2025,16.0,5.59,4.0
2026-01-27,2781.39,0.0047829778010584,12.2025,16.0,5.59,4.0
2026-01-28,2788.01,0.002380104911573,12.2025,16.0,5.59,4.0
2026-01-29,2797.76,0.0034971180160758,12.2025,16.0,5.59,4.0
2026-01-30,2782.74,-0.0053685805787488,12.2025,16.0,5.59,4.0
2026-02-02,2768.56,-0.0050956970467955,12.2025,16.0,5.59,4.0
2026-02-03,2786.15,0.0063534833993124,12.2025,16.0,5.59,4.0
2026-02-04,2776.31,-0.0035317552895572,12.2025,16.0,5.59,4.0
2026-02-05,2737.13,-0.0141122569165546,12.2025,16.0,5.59,4.0
2026-02-06,2735.43,-0.00062108851242,12.2025,16.0,5.59,4.0
2026-02-09,2725.64,-0.0035789619913505,12.2025,16.0,5.59,4.0
2026-02-10,2717.04,-0.003155222259726,12.2025,16.0,5.59,4.0
2026-02-11,2757.75,0.0149832170302977,12.2025,16.0,5.59,4.0
2026-02-12,2765.66,0.0028682803009698,12.2025,16.0,5.59,4.0
2026-02-13,2776.34,0.0038616460447056,12.2025,16.0,5.59,4.0
2026-02-16,2782.6,0.0022547670674339,12.2025,16.0,5.59,4.0
2026-02-17,2765.33,-0.0062064256450801,12.2025,16.0,5.59,4.0
2026-02-18,2779.08,0.0049722817891535,12.2025,16.0,5.59,4.0
2026-02-19,2772.84,-0.0022453473811476,12.2025,16.0,5.59,4.0
2026-02-20,2780.6,0.0027985747464691,12.2025,16.0,5.59,4.0
2026-02-24,2777.35,-0.0011688124865136,12.2025,16.0,5.59,4.0
2026-02-25,2795.39,0.0064954002916448,12.2025,16.0,5.59,4.0
2026-02-26,2785.58,-0.0035093493215615,12.2025,16.0,5.59,4.0
2026-02-27,2799.14,0.0048679269667357,12.2025,16.0,5.59,4.0
2026-03-02,2835.65,0.0130432918682168,12.2025,16.0,5.59,4.0
2026-03-03,2825.14,-0.0037063812529756,12.2025,16.0,5.59,4.0
2026-03-04,2809.78,-0.005436898702365,12.2025,16.0,5.59,4.0
2026-03-05,2825.0,0.0054167941974103,12.2025,16.0,5.59,4.0
2026-03-06,2854.11,0.0103044247787611,12.2025,16.0,5.59,4.0
2026-03-09,2888.68,0.012112357267239,12.2025,16.0,5.59,4.0
2026-03-10,2853.86,-0.0120539485162772,12.2025,16.0,5.59,4.0
2026-03-11,2854.05,6.657649639429941e-05,12.2025,16.0,5.59,4.0
2026-03-12,2872.08,0.0063173385189467,12.2025,16.0,5.59,4.0
2026-03-13,2871.86,-7.659953761729454e-05,12.2025,16.0,5.59,4.0
2026-03-16,2853.72,-0.0063164638944795,12.2025,16.0,5.59,4.0
2026-03-17,2853.53,-6.657976255541875e-05,12.2025,16.0,5.59,4.0
2026-03-18,2871.72,0.0063745606319189,12.2025,16.0,5.59,4.0
2026-03-19,2868.99,-0.0009506497847979,12.2025,16.0,5.59,4.0
2026-03-20,2864.89,-0.0014290743432356,12.2025,16.0,5.59,4.0
2026-03-23,2833.43,-0.0109812244100122,12.2025,16.0,5.59,4.0
2026-03-24,2837.9,0.0015775932350543,12.2025,16.0,5.59,4.0
2026-03-25,2840.14,0.0007893160435532,12.2025,16.0,5.59,4.0
2026-03-26,2822.84,-0.0060912490229353,12.2025,16.0,5.59,4.0
2026-03-27,2789.61,-0.0117718326224652,12.2025,16.0,5.59,4.0
2026-03-30,2800.69,0.0039718813740987,12.2025,16.0,5.59,4.0
2026-03-31,2776.37,-0.0086835744048788,12.2025,16.0,5.59,4.0
2026-04-01,2775.24,-0.000407006270778,12.2025,16.0,5.59,4.0
2026-04-02,2774.41,-0.0002990732333059,12.2025,16.0,5.59,4.0
2026-04-03,2760.7,-0.0049415911851529,12.2025,16.0,5.59,4.0
2026-04-06,2784.87,0.0087550258992283,12.2025,16.0,5.59,4.0
2026-04-07,2797.24,0.0044418590454851,12.2025,16.0,5.59,4.0
2026-04-08,2765.06,-0.0115041969941799,12.2025,16.0,5.59,4.0
2026-04-09,2733.4,-0.0114500227843156,12.2025,16.0,5.59,4.0
2026-04-10,2725.39,-0.002930416331309,12.2025,16.0,5.59,4.0
2026-04-13,2722.69,-0.0009906839021203,12.2025,16.0,5.59,4.0
2026-04-14,2725.51,0.0010357403891005,12.2025,16.0,5.59,4.0
2026-04-15,2740.45,0.0054815429038967,12.2025,16.0,5.59,4.0
2026-04-16,2741.14,0.000251783466219,12.2025,16.0,5.59,4.0
2026-04-17,2723.94,-0.0062747615955405,12.2025,16.0,5.59,4.0
2026-04-20,2753.66,0.0109106661673898,12.2025,16.0,5.59,4.0
2026-04-21,2757.7,0.0014671382814146,12.2025,16.0,5.59,4.0
2026-04-22,2761.64,0.0014287268375821,12.2025,16.0,5.59,4.0
2026-04-23,2771.46,0.003555858113295,12.2025,16.0,5.59,4.0
2026-04-24,2733.0,-0.013877162217748,12.2025,16.0,5.59,4.0
2026-04-27,2732.41,-0.000215879985364,12.2025,16.0,5.59,4.0
2026-04-28,2696.58,-0.013112966209317,12.2025,16.0,5.59,4.0
2026-04-29,2639.82,-0.0210488841421354,12.2025,16.0,5.59,4.0
2026-04-30,2658.21,0.0069663840716411,12.2025,16.0,5.59,4.0
2026-05-04,2620.82,-0.0140658563469401,12.2025,16.0,5.59,4.0
2026-05-05,2644.37,0.0089857372883295,12.2025,16.0,5.59,4.0
2026-05-06,2632.5,-0.0044887818270513,12.2025,16.0,5.59,4.0
2026-05-07,2615.33,-0.0065223171889838,12.2025,16.0,5.59,4.0
2026-05-08,2597.8,-0.0067027870287879,12.2025,16.0,5.59,4.0
2026-05-11,2656.91,0.0227538686580952,12.2025,16.0,5.59,4.0
2026-05-12,2689.96,0.0124392621503928,12.2025,16.0,5.59,4.0
2026-05-13,2694.72,0.001769543041532,12.2025,16.0,5.59,4.0
2026-05-14,2658.84,-0.0133149269682933,12.2025,16.0,5.59,4.0
2026-05-15,2633.84,-0.0094025966210828,12.2025,16.0,5.59,4.0
2026-05-18,2668.22,0.0130531847037025,12.2025,16.0,5.59,4.0
2026-05-19,2663.48,-0.0017764652090156,12.2025,16.0,5.59,4.0
2026-05-20,2640.32,-0.0086953909922357,12.2025,16.0,5.59,4.0
2026-05-21,2664.29,0.0090784450369652,12.2025,16.0,5.59,4.0
2026-05-22,2625.69,-0.0144879123518836,12.2025,16.0,5.59,4.0
2026-05-25,2598.2,-0.0104696289356323,12.2025,16.0,5.59,4.0
2026-05-26,2580.25,-0.0069086290508812,12.2025,16.0,5.59,4.0
2026-05-27,2590.24,0.0038717178567966,12.2025,16.0,5.59,4.0
2026-05-28,2583.89,-0.0024515102847612,12.2025,16.0,5.59,4.0
2026-05-29,2565.61,-0.0070746045690798,12.2025,16.0,5.59,4.0
2026-06-01,2570.04,0.0017266848819579,12.2025,16.0,5.59,4.0
2026-06-02,2620.39,0.0195911347683304,12.2025,16.0,5.59,4.0
2026-06-03,2601.35,-0.0072660939783772,12.2025,16.0,5.59,4.0
2026-06-04,2579.9,-0.0082457185692044,12.2025,16.0,5.59,4.0
2026-06-05,2561.04,-0.0073103608667003,12.2025,16.0,5.59,4.0
2026-06-08,2517.64,-0.0169462405897604,12.2025,16.0,5.59,4.0
2026-06-09,2522.77,0.0020376225353904,12.2025,16.0,5.59,4.0
2026-06-10,2520.88,-0.000749176500434,12.2025,16.0,5.59,4.0
2026-06-11,2515.33,-0.0022016121354447,12.2025,16.0,5.59,4.0
2026-06-15,2542.84,0.0109369347163195,12.2025,16.0,5.59,4.0
2026-06-16,2490.52,-0.0205754196095704,12.2025,16.0,5.59,4.0
2026-06-17,2485.05,-0.0021963284775868,12.2025,16.0,5.59,4.0
2026-06-18,2441.24,-0.0176294239552525,12.2025,16.0,5.59,4.0
2026-06-19,2420.56,-0.0084711048483556,12.2025,16.0,5.59,4.0
2026-06-22,2318.28,-0.0422546848663117,12.2025,16.0,5.59,4.0
2026-06-23,2335.94,0.0076177165829838,12.2025,16.0,5.59,4.0
2026-06-24,2243.47,-0.0395857770319444,12.2025,16.0,5.59,4.0
2026-06-25,2257.24,0.0061378132981497,12.2025,16.0,5.59,4.0
2026-06-26,2285.61,0.0125684464212934,12.2025,16.0,5.59,4.0
2026-06-29,2349.81,0.028088781550658,12.2025,16.0,5.59,4.0
2026-06-30,2348.15,-0.0007064400951565,12.2025,16.0,5.59,4.0
2026-07-01,2344.55,-0.0015331218193045,12.2025,16.0,5.59,4.0
2026-07-02,2256.06,-0.0377428504403831,12.2025,16.0,5.59,4.0
2026-07-03,2242.84,-0.0058597732329812,12.2025,16.0,5.59,4.0
2026-07-06,2194.14,-0.0217135417595549,12.2025,16.0,5.59,4.0
2026-07-07,2190.39,-0.0017090978697804,12.2025,16.0,5.59,4.0
2026-07-08,2220.77,0.0138696761763887,12.2025,16.0,5.59,4.0
2026-07-09,2186.75,-0.0153190109736712,12.2025,16.0,5.59,4.0
2026-07-10,2145.65,-0.0187950154338629,12.2025,16.0,5.59,4.0
2026-07-13,2164.42,0.0087479318621397,12.2025,16.0,5.59,4.0
2026-07-14,2170.78,0.0029384315428613,12.2025,16.0,5.59,4.0
2026-07-15,2111.9,-0.0271238909516395,12.2025,16.0,5.59,4.0
2026-07-16,2022.27,-0.0424404564610066,12.2025,16.0,5.59,4.0
2026-07-17,1958.43,-0.0315684849204112,12.2025,16.0,5.59,4.0
2026-07-20,2000.69,0.0215785093161358,12.2025,16.0,5.59,4.0
2026-07-21,2078.78,0.0390315341207283,12.2025,16.0,5.59,4.0
2026-07-22,2136.11,0.0275786759541654,12.2025,16.0,5.59,4.0
2026-07-23,2144.97,0.00414772647476,12.2025,16.0,5.59,4.0
2026-07-24,2165.54,0.0095898777139074,12.2025,16.0,5.59,4.0
2026-07-27,2216.92,0.0237261837694062,12.2025,16.0,5.59,4.0
2026-07-28,2191.18,-0.0116107031376866,12.2025,16.0,5.59,4.0
2026-07-29,2237.17,0.0209886910249272,12.2025,16.0,5.59,4.0
2026-07-30,2209.84,-0.01221632687726,12.2025,16.0,5.59,4.0
2026-07-31,2226.36,0.0074756543460159,12.2025,16.0,5.59,4.0
2026-08-03,2262.75,0.0163450654880612,12.2025,16.0,5.59,4.0
2026-08-04,2269.23,0.0028637719588995,12.2025,16.0,5.59,4.0
2026-08-05,2301.65,0.0142867845039946,12.2025,16.0,5.59,4.0
2026-08-06,2285.88,-0.0068516064562379,12.2025,16.0,5.59,4.0
2026-08-07,2281.31,-0.001999230055821,12.2025,16.0,5.59,4.0
